P1,P2,varphi
0.5240758365925011,0.4640522788435264,0
-0.32587985807758135,-0.619517810962151,0
0.5410444717319515,-0.44415186547879487,0
-0.5687243574682305,0.4081085703858084,0
-0.5853160604968811,-0.38393373038118356,0
0.27512737235083534,0.6436652305222993,0
0.4463877323461446,-0.539201254088737,0
0.5047753532654541,0.48497612594408807,0
-0.42744092493703595,-0.5543412808811654,0
-0.4055937392065873,0.5705205681799901,0
-0.5253360564726576,-0.46262514822451734,0
-0.3798583007400987,-0.5879691074868174,0
0.050061942154470594,0.698207563656913,0
-0.5697950750737938,0.4066123121864974,0
-0.0430073267525104,0.6986775864771981,0
0.13833276549605952,0.686195340985504,0
-0.48409621894122895,-0.5056192745602225,0
-0.422730882272615,0.5579413958230887,0
-0.49710367998564414,0.49283661729292216,0
0.10494539686977175,-0.6920884796583787,0
-0.38374050650950664,0.5854427586569222,0
-0.16880746416704853,-0.6793408864785709,0
0.07759200842101774,-0.6956863375323628,0
-0.49213729960126446,0.4977960208169358,0
0.6648960017896782,0.21889108434127727,0
0.42960008410068495,-0.5526696732594293,0
-0.45182991408656403,-0.5346491641595712,0
-0.25190370246856886,-0.6531037625696445,0
-0.5786986701889884,0.3938373384044439,0
0.5539215070544311,0.4279847707834331,0
-0.4849310540874317,-0.5048186533614346,0
0.07913187438622506,-0.6955128657732527,0
0.17875364524842383,-0.67679179539235,0
0.2549723676247324,0.6519118742190836,0
0.39323103847259033,0.5791108273739735,0
-0.1659882263323962,-0.6800352260868735,0
0.6449230260167468,0.27216592460005434,0
0.15780969108217513,0.6819795461746256,0
0.07860629777560446,-0.6955724620411686,0
0.2915392846485572,-0.6363999100460398,0
0.16433251766279275,-0.6804372297564323,0
0.3940400662326644,0.5785606504104452,0
-0.13038730769977813,-0.687749336597865,0
0.3578109306478113,-0.6016405387845363,0
0.3670476922601339,0.5960503264041636,0
0.6459950539263624,-0.2696115544680459,0
0.39175725455091304,0.5801088290198064,0
0.1359344507292864,0.6866744680741574,0
0.008149996112324809,0.6999525537944475,0
0.31638436151035765,0.6244204799585639,0
0.16220173262401724,0.6809483078279633,0
-0.6101341215465406,0.3431273141628792,0
-0.10990372253055049,-0.6913184300840877,0
0.31394732512222456,0.6256493243412,0
0.3193409960305814,0.6229135800849072,0
-0.05898957681619785,0.6975100213094044,0
0.3988961243677251,0.5752233322496648,0
-0.6719746949502075,0.1960867393440351,0
0.4220694824750848,0.5584418966761125,0
0.3431669611104789,-0.6101118231948951,0
-0.287324165593131,-0.6383140479937841,0
0.6330989648182969,0.298639750780101,0
-0.11214320063653853,0.6909586836786936,0
-0.08951075308010256,0.6942534300117161,0
0.08667536376134119,0.6946131162862095,0
-0.596151842821867,-0.36688278823091713,0
-0.2238782873494565,-0.6632333770653239,0
-0.1906555107364781,-0.673535801740199,0
0.049630095055904454,0.69823839314717,0
0.21505748186769522,-0.6661458395071802,0
-0.1832411322903208,-0.6755906211878323,0
-0.5769712781637647,0.39636365142892654,0
-0.5977779937214609,0.36422722334051993,0
0.47909953364609736,-0.5103563822076609,0
-0.1820113128874294,-0.6759229852438768,0
-0.3617610666095572,0.599273669274327,0
-0.3000865587549404,-0.6324144663546349,0
0.2243076079936207,-0.6630883025632258,0
-0.46760197525576513,0.520911117885678,0
0.3337203552941939,0.6153297688738266,0
-0.12845831754132578,0.6881122442265156,0
-0.43498698295793514,0.5484399006793296,0
0.2630748733177504,-0.6486845235003295,0
0.5767389033325883,0.3967016982352399,0
0.3457645265760428,0.6086434852700265,0
0.5253929452004206,0.46256053996598956,0
-0.6084900928724922,-0.3460344012898511,0
0.6898101962204406,-0.11900375284131667,0
0.19810910163018408,-0.6713812507445239,0
-0.47977585838531983,0.509720634966478,0
-0.010067266935184825,0.6999276034965728,0
-0.6969103534663779,-0.06569596054072262,0
0.5742064639005319,0.4003585103564643,0
-0.48671315876547105,0.5031006868257459,0
0.29737036620722423,0.6336961932202064,0
0.5973364574604985,-0.36495089613335935,0
0.5061869512084393,-0.48350260643175963,0
0.5881936393616014,-0.3795105303078616,0
-0.24245626966686673,-0.6566695952297682,0
-0.5699729131314917,0.4063629883446584,0
-0.09594184589154084,0.6933939444550433,0
-0.08344968693566247,-0.6950080213568329,0
0.04370397950286082,0.6986343551355125,0
0.03155785684483285,-0.6992882822351315,0
-0.6417489336119356,0.2795680707948305,0
-0.09182497854958432,-0.6939511317912582,0
-0.1499666372036178,-0.6837470348936355,0
0.03204246859752389,0.6992662441489483,0
0.3362413176894262,0.613955842287113,0
-0.03434185604774644,-0.6991570903046008,0
0.6600431276839065,0.23311600030295265,0
-0.5983688924509379,-0.3632556517757677,0
0.12237825187927508,0.6892195321281693,0
0.6545501173566834,-0.2481212281695217,0
-0.21948637913113608,0.6646997287316305,0
-0.5497579603889204,-0.4333199568321474,0
0.6694204396169591,-0.20463693465021704,0
-0.3766227991041766,-0.5900468347469843,0
-0.49222822786212733,0.4977061097632915,0
-0.01957005212396099,0.6997263844245587,0
0.5217740806383678,-0.466638841904514,0
0.566882542889009,-0.4106631010544907,0
-0.477377923481193,-0.5119671065339884,0
0.001274932423632391,0.699998838961405,0
-0.1145786518190529,0.690559000048025,0
-0.6513910847800126,0.2562999310751338,0
-0.27688001723231315,-0.6429132570241758,0
-0.15300488636157206,-0.6830735719887591,0
0.46542768724004513,-0.5228547292990497,0
0.037010450365330905,0.6990209056700345,0
-0.6272871050760153,-0.310662015388673,0
-0.003717112331890315,-0.6999901306989349,0
-0.3086733453886539,-0.6282680684600935,0
0.6175455258428048,0.3296020684272684,0
-0.2798914750053034,0.6416079505580924,0
-0.6200151666662335,-0.32493259778582184,0
-0.029226422551773143,0.699389602599885,0
-0.504878182072246,0.4848690764190102,0
-0.6995253890239765,0.025772662083188118,0
-0.5287827071577053,0.45868164189442817,0
-0.522855439158474,0.4654268897930149,0
-0.11278143943027343,0.6908547943815947,0
-0.11840366290158652,-0.6899134529863057,0
-0.10448030303584527,-0.6921588446863465,0
0.404850458773678,-0.5710482519286285,0
-0.37441915362569544,0.5914476286183061,0
-0.6436380136973254,0.2751910378696251,0
0.4416607004311825,0.5430799441101073,0
0.5077294454651319,0.4818825688979314,0
-0.3930095607480815,-0.5792611545413692,0
-0.15661520814441918,0.6822548472366321,0
0.18337916036641955,0.6755531685539687,0
0.004332021679399545,-0.6999865952917735,0
0.5810241250725495,-0.3903984709033557,0
-0.5011610579072321,-0.48871013293905,0
-0.09978950405432097,-0.692850672858584,0
-0.5717527047116595,-0.40385497973270285,0
0.15854410484036618,0.681809186518022,0
0.16307359281670883,0.6807400409303468,0
-0.0034224603116683734,0.6999916333538673,0
0.6469346722601815,-0.26734907859877033,0
-0.1770126524782305,-0.6772492309797192,0
-0.18935278797924113,-0.6739031990460415,0
-0.3367682729603214,0.6136669539150063,0
0.6404569361725497,0.2825153321653012,0
0.4069686542287011,-0.5695406170549032,0
-0.13261411760544406,0.6873234288249814,0
-0.34012754750945584,-0.6118114508778033,0
0.0038663514454896127,-0.6999893222946332,0
0.34071412167880577,0.6114849853337692,0
0.0028570277512125707,-0.6999941695417389,0
0.38815911344066867,-0.5825225340301902,0
0.05186748342189296,0.6980757581835081,0
-0.08556098226403472,-0.6947512636289432,0
-0.10670279872295549,-0.6918197111565183,0
-0.1505464144669646,-0.6836196143259355,0
0.36412122323363166,0.5978425668943653,0
-0.5870343174233799,0.3813013377464947,0
-0.5162771625512601,0.4727133290145516,0
-0.3857026703912865,0.5841519066587308,0
-0.3325337144720909,-0.6159718571001388,0
-0.23568280630912763,0.6591309542194587,0
0.1687450307001784,0.6793563973453078,0
0.5414858177491647,0.44361369363052616,0
-0.13670152246826256,-0.686522172806428,0
0.6191798792671936,-0.32652148032045836,0
0.566109035536671,0.4117287455154669,0
0.6751621955211788,-0.18481344577443867,0
-0.2555604643171094,0.6516815549622557,0
0.07222571189292065,0.6962639201779457,0
-0.5050996824911632,0.48463832983713334,0
-0.21732898751727647,0.6654082289727979,0
0.40920727578542127,-0.5679343319823816,0
-0.6323185886291338,0.30028853203887124,0
-0.42036416181961017,0.5597266935368516,0
-0.2394743398932894,-0.6577629060175659,0
0.6103019930865144,-0.34282864121106915,0
-0.13482065704117518,0.6868940168868745,0
0.23061132924617084,-0.6609223969751019,0
-0.5047676121936073,0.48498418291771533,0
0.47320876314704613,-0.5158230961103261,0
-0.462592211645206,-0.5253650594826391,0
0.2723055185656883,-0.6448640977436033,0
0.1926873294696212,-0.6729573486201526,0
-0.030223675657139834,-0.6993472166454743,0
-0.32213570925290513,-0.6214729155998093,0
-0.03531418166279549,0.6991086529098943,0
-0.30918800674396396,0.6280149492533553,0
0.36017288281277826,-0.6002295348334108,0
0.2433694061720348,0.656331724160482,0
0.25555827366268563,-0.6516824140350481,0
0.5008117815792763,0.48906805194307185,0
-0.427733435587423,-0.554115608948692,0
-0.13589861739628045,-0.6866815606886348,0
-0.5675102586507254,0.4097952004674857,0
-0.5153820288674087,0.47368910090956645,0
0.11729028023656686,0.6901036082806896,0
0.19307427569276125,0.6728464342372006,0
0.20928425040832008,0.66798211243343,0
0.23626854959317886,-0.6589212187152084,0
0.31255678737540793,-0.6263451561763401,0
0.07401047209198579,-0.6960764685152927,0
-0.1776534701835597,-0.6770814164720067,0
-0.5835000226597925,0.3866881476797829,0
-0.2122924043180771,0.667032184432543,0
-0.6039719920795488,0.353861318574751,0
-0.040662429865929425,0.6988179783015018,0
0.3506073458313454,-0.6058667254843257,0
0.2607992075135664,-0.6496027812134857,0
0.5390535161611608,0.44656612804184903,0
0.21909944722454205,-0.6648273702442613,0
-0.23312050790153344,-0.6600415356594849,0
0.5268043373358884,0.4609524814599607,0
-0.471715912083675,-0.517188648644831,0
0.6391544843426799,-0.2854497243730373,0
-0.2638830831225421,-0.6483561663482051,0
-0.17594869509670807,-0.6775264250889154,0
0.04542656880316511,0.6985244640288351,0
-0.6556860686354189,0.24510360951530008,0
0.6477573558879675,-0.2653495956149717,0
-0.4504938298372232,0.535775428028004,0
-0.31708254012671816,-0.6240662326602747,0
-0.00020228622273379404,0.6999999707716309,0
-0.4819007559657159,0.50771218362343,0
-0.36915661906613445,-0.5947464927174105,0
-0.016414214927939173,-0.6998075260729191,0
-0.24540837680146935,-0.6555720620920845,0
0.03897725305871442,0.6989139959565819,0
-0.2514573289073584,0.6532757547458626,0
-0.4875194701538221,0.5023193866664282,0
-0.6984364235712737,-0.04676069106598348,0
0.4451514066167613,-0.5402223849370913,0
0.5517531119393606,-0.4307766282718125,0
0.3363877666389913,-0.6138756148077813,0
0.30762303585141865,-0.6287830053472794,0
-0.5398967303304738,-0.4455463169845124,0
-0.352194407316844,0.6049455342877877,0
0.6151549032711292,0.33404257959351175,0
0.5798180203236345,-0.39218753589065186,0
-0.19414546187194004,0.6725381324761674,0
0.04067959950588673,-0.6988169790324507,0
0.2468554544033497,0.6550285372648399,0
0.12798654058682055,0.6882001492506508,0
-0.4488361455466995,0.5371648857201874,0
0.6463475022428788,0.2687655229831231,0
0.0963907699865556,0.6933316806993597,0
0.5183246971289132,0.47046732973312866,0
0.3029689844428335,0.6310386632098528,0
0.6874411591220415,-0.1320024724955708,0
-0.4946381463571992,0.49531111855914756,0
0.33751181986997014,-0.6132583235864482,0
0.12627778646105728,0.6885157373992954,0
0.1403311200898396,0.6857894551058152,0
-0.05005556914928437,-0.6982080205763473,0
0.23871145176224337,0.6580401528763743,0
-0.1344994058652849,0.6869569927017887,0
0.48852312650312923,-0.5013433502816284,0
-0.523806712149993,-0.4643560361474957,0
-0.25860512490965387,0.6504793535312725,0
0.06322779484814287,0.6971386131599949,0
0.42618093043907834,-0.5553105568329143,0
-0.046684308678327534,0.6984415332175103,0
0.0998371456779634,-0.6928438094858589,0
-0.34491468657146845,-0.6091254870610042,0
-0.5811582084723553,-0.3901988425472355,0
0.2505604385056555,0.6536202771149726,0
-0.2978444131227067,0.6334735239704895,0
-0.3223534933875858,-0.6213599804467774,0
0.5473058427980715,0.4364130090167943,0
0.4604783572710878,0.5272188184093207,0
-0.42990755540406145,0.5524305330143363,0
0.06420389952704508,0.6970493951546913,0
-0.21428276256505208,0.6663954514156661,0
0.2618321611121495,-0.6491871220282649,0
-0.6048859771238638,0.35229668559171606,0
0.4629250951908556,-0.5250717629453494,0
-0.6059618229798827,-0.35044296125175245,0
0.5994254123335145,0.36150957808721473,0
0.38758220581160013,0.58290653945398,0
0.35502655886813195,-0.6032877775143906,0
-0.1717213537320399,0.6786101802010014,0
-0.6899511538256177,-0.11818377779838828,0
-0.32598637108738127,-0.6194617711088233,0
0.49194353968708476,0.49798750361845584,0
-0.2896378010889603,-0.6372675609038575,0
-0.2466291663254804,0.6551137720408559,0
0.5778368215484355,-0.3951007563429883,0
-0.40805543173132386,-0.5687624852559835,0
-0.15550140682412508,0.6825095695121922,0
0.5626876098258464,0.4163924275830145,0
0.054691071838266644,-0.6978602200019581,0
-0.589605620444747,-0.37731314890945017,0
-0.019785635393051403,0.6997203217229675,0
-0.6246413066813089,-0.31594815711990937,0
-0.23371777923625117,0.6598302809578194,0
-0.09540938050434067,0.6934674109947618,0
-0.5700318050707205,0.40628037265885253,0
-0.18800977346917513,0.6742791151148532,0
0.6943239805687055,-0.08896184579485639,0
0.3226620590892104,0.621199803303503,0
-0.31403915052797404,0.6256032384312508,0
0.2864772644841222,0.6386945881512495,0
0.004543504957282063,-0.6999852545323387,0
-0.6739678987548966,-0.18912237162194578,0
0.5492752953822673,0.4339316189017839,0
0.3691661564939974,-0.5947405727705563,0
0.5608042632237725,-0.4189255045351638,0
0.12141780395455998,0.6893893797287944,0
0.624993684901165,0.31525052550894056,0
0.2710507325372347,-0.6453925165285296,0
-0.34062121581063387,-0.6115367424281926,0
0.6370349784591215,-0.2901489896925139,0
0.06967952342223799,0.6965233406108152,0
-0.3445525998236059,-0.6093303750468985,0
0.6825702761001767,-0.15523471964907992,0
-0.5101666512513041,0.4793015626419657,0
-0.677785005053252,-0.17494995548717088,0
-0.03996071275439758,-0.6988584559380823,0
-0.5084270452819664,-0.4811464845822416,0
-0.09544231492704597,0.6934628789786563,0
-0.5684922180451967,-0.4084318768436819,0
-0.3080746466668412,-0.6285618601864902,0
-0.615387157873707,0.33361451695650346,0
0.6599895811630607,0.23326755615860434,0
0.10055650230362723,0.6927397706530646,0
-0.021665949061113098,0.6996646244103536,0
-0.41323642934473415,-0.5650094277641874,0
-0.017880268488713668,-0.6997716027381873,0
-0.533801192266283,-0.45283141138297234,0
0.33117176426296524,0.6167051666355284,0
-0.4801327156839387,-0.5093845063701545,0
-0.02462181123470797,0.6995668419897575,0
0.40210678487735707,0.5729835368975227,0
0.576774431249364,-0.39665004154414585,0
0.3324816150479885,0.6159999802395135,0
0.13580390989120825,-0.686700297115314,0
-0.045782063857004604,0.6985012545650817,0
0.5465845692916971,0.4373160283047146,0
-0.36783825696549616,-0.5955627731084151,0
0.4290569300329465,0.5530914488497387,0
-0.5516124324263681,0.43095675466648087,0
0.2264266753846379,0.6623676929578162,0
-0.32509791966689067,-0.619928497996551,0
0.3257492175074591,0.6195865131628335,0
0.6575013950210511,-0.24019141438730002,0
-0.031983912282755496,-0.699268924917366,0
0.13030659659696622,-0.6877646333472778,0
0.05667350643782691,-0.6977020235516316,0
-0.5324524881571079,0.45441649161898257,0
-0.27062347309186785,0.6455717898202298,0
0.5264256001836394,-0.46138496667240364,0
-0.4692189790040696,0.5194550507429669,0
-0.5797635481379577,0.39226805662771713,0
0.4737143117943757,0.5153588563333137,0
0.20514095803871596,0.6692661558266321,0
-0.11165976452063255,0.6910369722288359,0
-0.5628791257531132,0.4161334999629457,0
-0.6466096183148765,0.26813429751281287,0
-0.22515192245797325,0.6628020909845402,0
0.3898884367147999,-0.5813664996506845,0
0.08515269579406294,-0.6948014237168803,0
-0.6777883815454221,-0.17493687387751414,0
-0.6352172679402148,0.2941071616104737,0
-0.602107054049934,-0.35702534288662163,0
0.5720391773050715,0.403449104135995,0
-0.5795333071550608,0.3926081327455124,0
-0.5116194291613347,-0.4777505203603968,0
-0.696759168996459,-0.06728046090332536,0
0.4525720091252026,-0.5340211386793386,0
-0.3833451756794663,-0.58570169564658,0
-0.013148325386294533,-0.699876504491711,0
-0.3043288105531661,-0.6303839901736837,0
-0.2503655667425667,-0.6536949464311876,0
0.2283252392090169,0.6617156376723654,0
-0.07972367064113521,0.695445279184138,0
-0.6888993339833219,0.12416806206644046,0
0.3212704141817235,-0.6219206709633502,0
-0.11758932468938686,0.6900527158986434,0
-0.020793605794249246,-0.6996910932390616,0
0.544488556528904,0.43992296122056457,0
-0.5274082410678491,0.4602613901401219,0
-0.2800475692165284,0.64153983428616,0
-0.05189298352004507,0.6980738630412889,0
0.1463389333791239,0.684532626379094,0
-0.22221672667631695,-0.663791930039273,0
-0.027953410931502186,-0.6994416393218912,0
-0.3915047294083022,0.5802792834928127,0
-0.04969602760603566,-0.6982337035980003,0
-0.4198673628794356,-0.560099453301526,0
-0.40703472217849346,0.5694934020171581,0
0.08344386051479533,-0.6950087209110309,0
-0.41561163839685766,0.5632645613111831,0
0.628928524029952,0.30732541655630435,0
0.46243157884927205,0.5255064556054182,0
-0.5365684531636508,0.44954899073356513,0
0.2566535237571477,0.6512518474008647,0
0.44322156996945566,-0.5418068289656479,0
-0.2933445394252177,-0.6355698082739667,0
0.535016559535478,0.45139481723079217,0
-0.646983368906374,-0.26723121142291506,0
0.09935225696013787,0.6929135076161574,0
-0.07248958624422987,0.6962364970942994,0
-0.4193833727985306,0.5604619403850084,0
-0.11460020830620685,0.6905554230155418,0
-0.24029322509247936,-0.6574641936825572,0
-0.6256097617009789,-0.3140261550642626,0
-0.12109924551767269,0.6894454095394721,0
-0.6221643494349844,-0.32079825793190103,0
-0.6749000152268418,-0.18576859112026597,0
-0.6006508410567657,0.35946984176395097,0
0.4342580121982377,0.5490172846474282,0
0.3820826931273794,0.586526057061857,0
-0.5165265150388484,0.47244085265969776,0
0.20417037027234833,0.6695628871904805,0
-0.1434451004000217,0.6851448775049169,0
0.6822662291983556,0.15656561721992765,0
-0.18935343933967394,0.6739030160269625,0
0.35616109852196653,0.6026186786846438,0
-0.384474472332479,0.5849610073540473,0
-0.06028392327283493,0.6973993465689762,0
-0.17714703456589084,-0.6772140932855067,0
-0.4709187701524134,-0.5179145797505013,0
0.15993867473491372,-0.6814833969540559,0
-0.4725930980357222,-0.5163872226236802,0
0.10699792381202361,-0.6917741280937849,0
-0.06366108179038252,0.6970991799344467,0
0.058320491000158056,0.6975662838250574,0
0.617237799717098,0.3301779801870432,0
-0.5103062866018624,-0.4791528919401591,0
0.6089192590193396,0.3452786353010251,0
0.06429749729933329,0.6970407677037564,0
-0.5004136485540207,0.4894754134181338,0
0.06574070175947837,0.6969061343769125,0
0.08618602757282909,-0.69467400170959,0
0.466457950875053,-0.5219358007125461,0
-0.1264097905918298,-0.688491513994566,0
-0.19323151323104582,-0.6728012948073451,0
0.10208127076322686,-0.6925167248228484,0
0.14156803293663192,-0.6855351865881522,0
-0.23318267282230729,-0.6600195762971313,0
-0.28551751374108986,0.6391242049454132,0
0.2833651382053831,0.640081399862427,0
0.579422472039864,0.392771688001074,0
-0.006310439824183223,0.6999715553858066,0
-0.25750306000196166,0.6509164109850251,0
-0.21536768392646577,-0.6660456145941882,0
-0.6424347108026339,0.277988565153202,0
-0.43579012976552933,-0.5478019375640644,0
-0.6200299532084883,0.3249043815098217,0
-0.5283298481461081,-0.4592031920162471,0
0.5296550665513472,0.4576740220686421,0
0.2332029322762537,0.6600124183511679,0
-0.23035404653739058,-0.6610121127814903,0
0.0538170351117416,0.6979281673150766,0
-0.2624272299051975,0.648946799825906,0
0.39654646921304026,-0.5768456446525979,0
-0.09615425059563973,0.6933645218010444,0
0.29019927511858257,0.6370120726647566,0
0.3697697297737698,0.5943654994555397,0
-0.06977394862930898,-0.6965138879395546,0
0.5174898728285142,-0.471385438383419,0
0.10439063394230046,-0.692172374156268,0
-0.6023912342671298,-0.356545650482689,0
0.5087743711701539,0.4807792000912835,0
0.4121722531227393,0.565786208523789,0
-0.5056420831729944,-0.48407239512750005,0
0.4389272126491709,0.5452915752109411,0
0.6713024667116914,-0.19837590122491805,0
-0.6927432574903332,0.10053247834248345,0
-0.3715524604399203,0.5932527025990201,0
0.5223710473572615,0.46597048069902197,0
0.44132509053979957,-0.5433527072353994,0
-0.6661870652330604,0.21492974227910414,0
-0.02955906722075263,0.699375622641395,0
-0.35478101787775207,0.6034322077529721,0
-0.013338535990221211,-0.6998729052175384,0
0.1927432372922746,0.6729413380660263,0
0.5619810436457825,0.41734554817656444,0
-0.41476825647773485,-0.5638858868764317,0
-0.13051939393377396,0.6877242818216908,0
-0.2644628702968911,0.6481198887816433,0
-0.4633355779315217,-0.5247095789318723,0
-0.3206303133509928,-0.6222509157570153,0
0.28793780476530395,0.638037475848353,0
0.3593479145312094,0.6007237937039539,0
0.2623531978318431,-0.6489767327011083,0
-0.4198732794086797,0.5600950180447963,0
-0.2492641348930277,-0.6541157321575674,0
-0.4299549444973096,-0.5523936510336767,0
0.4190892756506031,-0.5606818875571536,0
-0.5872456272273565,0.38097581721462137,0
0.4282187811279434,0.5537406211298738,0
0.0020653200274991955,0.6999969531742148,0
-0.4396634449721538,-0.5446981321385431,0
-0.5944704152959155,0.36960103535826533,0
0.6062079799639005,0.3500169781997541,0
0.06264606989315011,0.6971911286920843,0
0.20509800199656153,0.6692793210439258,0
-0.06333273453622841,0.6971290875699877,0
-0.04335350688187031,0.6986561911563108,0
-0.18656755513997172,-0.6746795886708694,0
0.4234017630836007,-0.5574324596017874,0
0.12493495948999213,0.6887606666304588,0
0.372495985032504,-0.5926607302113617,0
-0.43468951816128193,0.5486756991162562,0
-0.4718364767456289,0.5170786586316163,0
-0.48036722529616943,-0.5091633616642689,0
-0.07286583394406543,0.696197220795685,0
0.43816139328160364,0.5459071289491683,0
0.5243574995481395,-0.46373398912266806,0
-0.3995009591717567,-0.5748034304184747,0
-0.13410102975480828,0.6870348708898989,0
0.07971561135667471,0.695446203027978,0
-0.2127766054453216,0.6668778870041845,0
-0.05103583582427429,0.6981370520619269,0
0.16947376999670027,0.6791749710369969,0
-0.4645036264976587,0.523675835771065,0
0.1413200507304977,-0.6855863499673324,0
-0.007041024094949066,-0.6999645876611861,0
-0.23232786132882607,0.6603209559376211,0
-0.6531007896010509,-0.25191141026655345,0
-0.3968722901247976,0.5766215269404174,0
-0.38092750885870985,-0.5872769644679565,0
0.23507614396507237,0.659347561259244,0
0.372508342125351,-0.5926529634170594,0
0.5688456395412427,0.4079395033272882,0
-0.4484038488694449,-0.5375258024681866,0
-0.42309551051526323,-0.5576649432964463,0
-0.3887916637874602,-0.5821005430072871,0
-0.0009329109059769357,0.6999993783406108,0
0.509089311463446,0.48044570239900614,0
0.6783877360732947,-0.17259802879914282,0
-0.4338482818826267,0.549341121988417,0
0.04979305403497438,-0.6982267910714041,0
-0.4583130694162702,0.5291021927777629,0
0.40824109860630975,-0.5686292336916149,0
-0.027238672539856054,-0.6994698383191847,0
0.09086315400996367,-0.6940777242091563,0
-0.4341671195304669,-0.5490891660910978,0
-0.2585137430347295,-0.6505156759542184,0
0.41681602648405125,-0.5623738970347456,0
0.6391993257824001,0.28534929808801884,0
-0.538642364181064,0.4470619683102488,0
0.5482619675560311,0.43521123024525626,0
0.5548924861275033,-0.42672512093763415,0
0.41345789538208855,-0.5648473853583938,0
0.4449277370109936,0.5404066143546691,0
-0.6136014049704541,0.3368876902148321,0
-0.0018605197051602572,-0.6999975274716523,0
0.4119339227518213,0.565959754122408,0
-0.2662948422000362,0.6473693358645107,0
0.06744308652989,-0.6967434463841922,0
-0.1612398534571756,-0.6811767095674283,0
-0.6715354731752408,0.197585698539407,0
0.26902503235614367,0.6462395314167773,0
-0.09662577362899029,-0.6932989686063287,0
0.6285407947651697,0.3081176225339421,0
-0.31973037308153623,0.6227138094896737,0
-0.4151134786835131,0.5636317945390168,0
0.5889759278209207,-0.37829532966649954,0
-0.5575165179768817,-0.4232910726473371,0
-0.3634082167599791,-0.59827624722308,0
-0.6490958131038467,0.2620584389235654,0
-0.5878647268355252,0.38001981914446686,0
-0.45956833378699885,-0.5280122598768343,0
0.2736085356445235,0.6443123227305678,0
0.6012345481253717,-0.3584927030505364,0
0.44525783715329154,0.5401346669614652,0
0.1978021320472474,0.6714717541025559,0
0.13400223640716058,0.6870541468020401,0
0.5134942134598091,0.4757348975461985,0
0.4806564158850017,0.5088903711690606,0
-0.1414925770089038,0.6855507644597731,0
0.2518935559375404,-0.6531076760206859,0
0.6974380274204842,0.059834755015992364,0
0.12132340660871609,0.6894059986748419,0
0.15638830218676703,0.6823068949813862,0
0.07065161524732161,0.6964254082548571,0
0.3120733252045279,0.6265861789856116,0
-0.08585240447447097,0.6947153119414828,0
-0.060643483551255525,0.6973681724188225,0
0.1625571076562551,-0.6808635595700747,0
0.6278758098462512,0.30947046290383523,0
0.4153278650347195,-0.5634738365937693,0
-0.360570991709802,0.5999904665387692,0
-0.29406744072244295,0.635235657301251,0
-0.22363311260328697,0.6633160867545468,0
-0.16587364488172085,0.6800631837804871,0
0.34050085117817686,0.6116037690751562,0
0.6568670398666009,-0.24192083816176166,0
-0.01276186765905709,-0.699883657998851,0
-0.5029183232889435,0.48690159180294085,0
-0.4977140154694218,-0.492220234047021,0
0.18740276968931652,0.6744480720654281,0
0.06481893459366057,-0.6969924717801066,0
-0.34667076789095647,-0.608127765103596,0
-0.33667903506617125,0.61371591746256,0
-0.15424112525952904,-0.6827954856900228,0
0.3362637248343826,-0.6139435701760436,0
0.21737333033744888,-0.6653937445287611,0
0.47972583774506433,-0.5097677123943768,0
0.5034856240478445,-0.48631494566500066,0
-0.6328555813740279,-0.29915516563105027,0
0.49361681783123373,-0.4963289606240669,0
0.5841321610665866,0.38573257369281017,0
-0.4536675480407481,0.5330907576151508,0
-0.3678642393134325,-0.5955467248120415,0
-0.1723814928759153,-0.6784427911871941,0
-0.38621881952734477,0.5838107770869807,0
0.41745708272356064,-0.5618981972599078,0
0.4880238739260267,0.5018293519496777,0
0.4591490506244867,-0.5283769008109954,0
-0.6275614600750147,0.3101074230464594,0
-0.5664297109489006,-0.4112874694837479,0
-0.6085629122983487,0.3459063193625585,0
-0.4458677068709301,0.5396313445025764,0
-0.28471653467242203,0.639481426535695,0
-0.36385971829010905,-0.5980017603701869,0
-0.4542590515074488,-0.5325868136966526,0
-0.032089435637214135,-0.6992640903982451,0
0.3291618786648697,0.6177802664652,0
-0.21594276011418823,0.6658593878246863,0
-0.593003445069422,-0.3719501500682543,0
0.2460439679001006,-0.6553337820225463,0
0.07475569873678582,0.6959968286611476,0
0.3332141226664557,0.6156040516887654,0
0.21110097472758355,0.667410202550923,0
0.6773152763031166,-0.1767597705543677,0
-0.36727626666636687,0.5959095098617034,0
-0.4352515884561006,-0.5482299287219197,0
-0.11904777743803116,0.6898025997972644,0
0.2578552879074492,0.6507769591020923,0
-0.6787723615619925,-0.17107916641004436,0
0.6075258970555656,-0.3477244374599379,0
0.013816818878327064,-0.6998636263702261,0
-0.3711589115342228,-0.5934989994841869,0
0.5663812418849813,-0.41135421335003514,0
-0.4437649790540675,0.5413618414380007,0
-0.2745160141637653,-0.6439262053742179,0
-0.21001313963659785,-0.6677533086252577,0
0.3927575056670103,-0.5794320855305032,0
-0.39771727209348673,0.5760390364189873,0
-0.2906854983257382,-0.6367903430981953,0
-0.4582160832169287,-0.5291861875383149,0
-0.17269381866798078,-0.678363357643874,0
0.14825743164534474,0.6841196780987416,0
-0.243757146794309,0.6561878186820429,0
0.3519611691150132,0.6050812634970555,0
-0.03770469220402508,0.6989838025203443,0
-0.36758072790236684,0.5957217542399859,0
-0.5884116347913654,-0.37917245158654767,0
-0.5451889131206887,0.4390547221136359,0
-0.6377859329631625,0.2884945471136469,0
0.5411430658169774,0.44403173571063864,0
0.6159643980092182,-0.3325475310164569,0
-0.5024249600450925,-0.48741066824976975,0
-0.12365452464870424,0.6889916969992476,0
0.5205524439843553,-0.4680012319021335,0
0.3941845244175629,-0.57846223792889,0
-0.28980591866730293,-0.6371911247854921,0
-0.23926546952635666,0.6578389127228124,0
-0.4932928809724313,0.49665091722649485,0
0.04810159309377817,-0.698345356354462,0
0.005035047130276382,-0.6999818914089105,0
0.5089573209154966,-0.4805855235923364,0
0.42607684135443785,0.555390425972059,0
0.6998844351048792,-0.012719178350981046,0
0.32110206048812234,0.6220076098813279,0
0.053041155675798944,0.6979875613537648,0
-0.5438059595874815,-0.44076646687008575,0
-0.33083155710125656,-0.6168877376200291,0
-0.14073945685157807,-0.6857057716580215,0
0.13348054819916666,0.6871556906934919,0
-0.028525242108860604,0.6994185517718492,0
0.012865892776997212,-0.6998817534434304,0
-0.5304511506616092,0.45675111030163323,0
-0.5618561518259921,0.4175136700220576,0
-0.2986731463030473,-0.6330832107057005,0
-0.3789162892132856,0.5885766269304564,0
-0.5885121253296967,-0.37901646183236337,0
-0.20656470694082985,-0.6688280958859676,0
-0.24089682759251038,0.6572432718985142,0
0.5678394391118682,0.40933894438364754,0
-0.33580493835822667,0.6141946298806491,0
-0.3577656962576905,0.6016674385250126,0
-0.3402892044080128,-0.6117215521488201,0
-0.012164318592284661,-0.6998942987003004,0
-0.21497531549203033,0.6661723603761281,0
0.14783280969309234,0.6842115611258304,0
-0.6066988698683425,-0.34916540679236235,0
-0.0279582148709107,-0.6994414473143781,0
0.08840097375986627,-0.6943956133489809,0
0.19772594096578222,-0.6714941937717674,0
0.3661671110091106,0.5965916918758102,0
-0.6272959096772035,0.3106442365508327,0
-0.5099370328467606,-0.4795458502911288,0
-0.3236932564786176,0.6206630935622545,0
-0.4905847162435408,0.49932618215776,0
0.13904315532381775,-0.6860517480173027,0
0.52261521054312,0.46569661981699023,0
-0.4385013151529029,0.5456341233914669,0
0.6399503950921301,0.28366087467507123,0
0.4492187498049919,0.536844963489125,0
0.07844981784073261,0.6955901279350907,0
0.64301371297526,-0.2766466427155224,0
0.6346648075035372,-0.2952974468506256,0
-0.24832712245323973,-0.6544720316820983,0
-0.15499876751438615,0.6826238950322654,0
0.07528912927275294,0.69593932710643,0
0.6778804455318138,0.1745797856728824,0
-0.07913478307489608,0.6955125348314645,0
0.10905241230444522,-0.6914532315135864,0
-0.5231642503557685,0.46507974278577935,0
0.3371970637893318,-0.6134314470027219,0
-0.047984458088004195,0.698353414670538,0
-0.1199052920478672,-0.6896540588867114,0
0.05004722043904439,0.6982086190576035,0
0.08746795066635106,-0.6945137562397369,0
-0.30377654624939443,-0.6306503071820305,0
0.4513882666787255,-0.53502208618409,0
-0.33720755550798376,0.6134256796942316,0
-0.6770209282081012,-0.17788384628245746,0
-0.5743258553181407,-0.4001872210766931,0
0.46099154734658243,-0.5267701522248613,0
-0.2743305269138584,-0.6440052499810578,0
0.012218464541703632,-0.6998933555365725,0
0.6420592682036997,-0.27885461465381833,0
-0.3690261260196106,-0.5948274693681844,0
-0.016834514678799192,-0.6997975415186375,0
-0.2195911059550667,-0.664665138385812,0
0.43217120636772277,-0.5506614644104553,0
0.38784054092520337,0.5827346864696193,0
0.04965479398778316,-0.6982366371324487,0
-0.25662962287967345,-0.6512612660527544,0
0.6555470346077477,-0.2454752236316089,0
-0.6444619658648855,0.2732558774364554,0
0.0053729877796084395,-0.6999793789836384,0
0.002961411865219743,0.6999937357146594,0
-0.581871844176583,0.38913385480389934,0
-0.2154347562736531,-0.6660239228355928,0
-0.4648807046500053,-0.5233411224470274,0
-0.5235841952266131,0.4646069204272573,0
-0.23060757184752587,0.6609237080076551,0
-0.24157247629840733,-0.6569952349104637,0
0.4067800870683571,0.5696753117036578,0
0.39795977078225087,-0.5758715315406191,0
0.33260295303110393,-0.6159344734912872,0
-0.14363081375554487,-0.6851059694236505,0
0.6553788351749886,0.2459239362174309,0
-0.6762553075771022,-0.18077267208789843,0
0.6277389039635349,0.3097480725535831,0
0.2984884321173162,0.633170321392393,0
-0.6939713036555086,0.09167240425926322,0
-0.1753033206903339,-0.6776936961156875,0
0.38098700968890303,-0.587238365953986,0
0.6281819379664247,0.30884859205239523,0
0.511850385352929,0.4775030712090321,0
-0.49985047042630154,-0.4900505149620853,0
0.2801238760948082,-0.6415065190951846,0
0.5959696761749476,-0.36717862829953496,0
-0.2637663298269168,0.6484036730692062,0
0.568854173017239,-0.40792760367603603,0
0.3946717059655566,0.5781299546903249,0
-0.5269963179819165,0.46073298214204583,0
0.30907164706499407,-0.6280722227423624,0
0.3584201739808063,0.6012777884502042,0
0.03895366547819747,0.6989153109968421,0
-0.4795367630710814,-0.509945578334894,0
0.39275870447725836,-0.5794312729369597,0
-0.3779043901778934,0.5892268424675462,0
0.1959691653723524,-0.6720089926654729,0
0.4203594229955576,0.5597302524420507,0
-0.6856870033966237,0.14083086796920094,0
0.18865920461588334,0.674097696564602,0
-0.4861864419593172,0.503609713622503,0
0.22403056222203804,-0.6631819563215494,0
-0.23451972300457677,0.6595456766000795,0
-0.5378025451220408,0.4480718942985101,0
0.6120428193984042,-0.3397110348853159,0
-0.41541637203217774,-0.5634085887236928,0
-0.6559355004328243,0.24443530692586177,0
-0.37370079850888005,0.5919017766435791,0
0.23824546714661232,0.6582090073708293,0
-0.23011918092983574,-0.6610939135767182,0
-0.6845555478810152,0.1462316718953967,0
0.05447892196267037,-0.6978768136725745,0
-0.6662452547490277,0.21474929691247668,0
-0.6888877900723794,-0.12423209202614775,0
0.4873306689987675,0.5025025562653525,0
-0.5348111947204333,0.45163811398253667,0
0.38607521713870185,0.583905751565528,0
0.04958008793006432,0.6982419458044948,0
-0.3253953839379381,-0.6197724131581542,0
0.3731222351210237,0.5922666609376991,0
0.6695314680228921,0.2042733788997258,0
-0.5498765485840889,0.4331694602776725,0
0.4046712587863017,0.5711752553396462,0
0.13141363325206856,0.6875539666058882,0
0.40448291989277246,-0.571308644705309,0
-0.540586210535752,0.44470951078045945,0
-0.5129822450668544,-0.47628690539019614,0
-0.048403119010977685,-0.698324522031132,0
0.12050877607327047,-0.6895488633079764,0
0.205762100445235,0.6690754501701321,0
0.48281541330478556,0.5068424574513554,0
-0.26527469221566774,0.6477880345220053,0
0.3156477388816377,-0.6247931697281184,0
-0.3045249559223948,0.6302892599596343,0
0.1397008441115587,-0.6859181249642832,0
0.3974136011809746,-0.576248583162136,0
-0.35950156386504073,0.6006318552812446,0
-0.5765215074368767,-0.39701757072289795,0
-0.3032986372615677,-0.6308802870872381,0
0.41794305101556034,0.5615368252463988,0
-0.6590344724304892,-0.23595246162790237,0
0.3467293403303993,0.6080943714211192,0
-0.30472287327948394,-0.63019359763512,0
0.3324550985803971,-0.6160142915776373,0
0.5177198268596839,-0.471132869662454,0
-0.09038521635524419,-0.6941401246610195,0
-0.4103087577477148,-0.5671390687613815,0
0.6281978868818358,-0.30881615067414503,0
0.35952240535477664,0.6006193803465849,0
0.6831275945057608,0.15276350881271616,0
-0.6831620925091477,-0.15260915882909065,0
-0.40437410541453095,-0.5713856691151763,0
-0.5472468446697588,0.43648698835016014,0
0.35745667108853457,0.6018510848160891,0
-0.671698503744271,-0.19703075919182642,0
-0.30097616452684783,0.6319915730345681,0
0.4650517706444518,-0.5231891155408913,0
-0.600455453674379,-0.3597961202579811,0
-0.34905471386323333,0.606762562070087,0
-0.2990951275634192,-0.632883958295533,0
-0.33695700525334626,0.6135633436008839,0
-0.3499019660220231,-0.6062743720246824,0
0.36801583450150244,0.595453059070287,0
-0.31196364185960124,-0.626640795159152,0
0.5239329772351594,-0.4642135665461554,0
-0.45637250017424763,-0.5307769221478137,0
-0.5136993375327473,0.4755133968863722,0
-0.4987070688370579,-0.4912140668710027,0
-0.13557276770222862,0.6867459680679294,0
0.49439022143878636,0.4955585827585955,0
0.26660235097288226,-0.6472427569743303,0
-0.35365217770966995,0.6040944770490854,0
0.2426847873331821,0.6565851764981053,0
0.27454859217533,0.6439123158742533,0
-0.38952549834995687,0.5816097369673394,0
0.17655803717903518,-0.6773678908152396,0
-0.582897449197105,-0.3875958768092204,0
0.24625946269278706,0.6552528344343577,0
0.5119320457665387,-0.47741552186463987,0
-0.4550988171558142,-0.5318694074896382,0
0.632781309245197,0.29931223608455143,0
0.036701281766698735,-0.699037206389389,0
-0.1931381626148716,-0.6728280985078963,0
-0.5902575206403426,0.37629251829861754,0
0.6335088807270745,-0.2977692026384348,0
0.38783257103066915,0.5827399907743941,0
0.3870078686863715,-0.5832880159705257,0
-0.4915575786325865,0.4983684850478293,0
0.677424659816715,-0.17634009831064507,0
-0.07859187839428194,-0.695574091416909,0
0.2805073046356648,-0.6413389525407249,0
0.1648346834516251,-0.6803157554631544,0
0.12457062362703596,0.6888266543399517,0
0.49229285108938087,-0.49764218949591543,0
-0.17484147783035106,0.677812996061671,0
-0.35760661960600354,-0.6017620008059391,0
-0.5969766249415202,0.36553920346993085,0
0.1508473286498878,-0.6835532776888665,0
-0.3116812971004368,-0.6267812768723944,0
0.4154787153571104,0.5633626159812214,0
0.6553355214483889,-0.24603933492018737,0
0.4563867708902416,0.5307646515701456,0
-0.20246017849605777,-0.6700819920900309,0
-0.6362105992772386,0.2919521765072097,0
0.2754172401675817,-0.6435412526159241,0
-0.1626551037728814,-0.6808401554084726,0
-0.2327674239416968,0.6601661354170981,0
-0.17749607583570828,-0.6771226942459723,0
0.5603102865640184,-0.41958596588845476,0
0.3919608222926057,0.5799713042795345,0
-0.5506360253436368,-0.4322036182099379,0
-0.16558428663406116,0.6801336956951104,0
-0.1497825365122828,-0.6837873878304181,0
-0.6497724526005161,-0.2603761890832379,0
-0.6117592089797552,0.34022150171390425,0
0.41714642683649045,0.5621288629643104,0
-0.012124365000943937,0.6998949919618827,0
0.4206612802040479,-0.559503429245158,0
0.16610361856203626,0.6800070498903651,0
0.28425562027700735,-0.6396864406417676,0
-0.6086520962810236,-0.3457493683186067,0
-0.1765812536690987,-0.6773618389403475,0
0.41476363483907003,0.5638892863098948,0
0.3707043220592794,0.5937830459069794,0
-0.38580967306139324,0.5840812410720454,0
0.4606352914322186,-0.5270817093081063,0
0.48476015041977844,-0.5049827685822494,0
-0.22918014786738794,-0.6614200328259511,0
0.5350119325763575,0.4514003012858,0
0.6634639625727904,-0.22319401955968915,0
0.47785699176874213,0.5115199853551455,0
0.6947464723890676,0.08559987793768442,0
0.14216653540909494,0.6854113189974138,0
0.023109242896971492,0.6996184409324333,0
0.15278508671671645,-0.683122768817557,0
0.6394151831495934,0.2848652726426508,0
-0.5883845118470038,-0.37921453851159637,0
-0.005809559475745773,0.699975891741064,0
-0.5277062643407617,-0.45991966534985,0
0.3913850306352533,-0.5803600242906481,0
-0.5778313165297935,0.39510880733975745,0
0.04145536873333237,0.6987713877965979,0
-0.05624283808978911,-0.6977368724408978,0
-0.014675619022208307,0.6998461446677512,0
-0.22066980344026227,0.6643077884908741,0
0.6137563894187664,-0.3366052501783647,0
0.47925070687092,0.5102144254759203,0
-0.6890499075249671,0.12332974069474995,0
-0.19802637664650838,-0.6714056554366035,0
-0.6019846793500179,0.35723164169465177,0
0.3713914289404311,0.5933535257412604,0
-0.17355921407221359,-0.6781424623267853,0
-0.5676846862236438,-0.40955353377447873,0
0.6572874966059825,-0.24077613421068225,0
-0.6305259263628531,0.30403462990959745,0
0.6469033918555598,0.26742475877482247,0
0.19109163353105302,0.673412197390598,0
-0.28141793677229404,-0.640939891770535,0
0.19812164916285158,0.6713775481299563,0
0.2675028838643713,-0.6468710900359086,0
-0.5961007873618481,0.36696573587541476,0
0.6692820197202636,0.20508919542278345,0
-0.6125031923713983,-0.3388802728617377,0
0.21705463188680754,-0.665497773682589,0
-0.5163286581661732,-0.47265708156793645,0
0.02501546889221502,-0.6995528759973063,0
-0.41176979224284965,-0.5660791801473363,0
0.018011198806260918,0.6997682450051311,0
0.6303416355947985,0.3044165278621945,0
-0.26951133465408833,0.6460368723942712,0
-0.14538770392643202,0.6847352886678181,0
-0.3283186319681142,0.618228821636929,0
-0.44565868672170206,0.5398039782638581,0
0.45403697072172344,-0.5327761530116009,0
0.434528811398139,-0.5488029811006137,0
0.2722316918051897,0.6448952674480439,0
-0.495106130163233,0.494843328615015,0
-0.4478630885672545,0.5379764436283428,0
-0.6007811296753638,0.35925204832539737,0
-0.11111446966651141,-0.6911248618236286,0
0.2660591591095518,0.6474662337557984,0
0.5892487940373349,0.3778701612003076,0
0.4937198285303145,0.4962264915499744,0
0.5388367821189012,0.4468276202695484,0
-0.2897959560958762,0.6371956558471479,0
-0.3702098186264594,-0.5940914830163482,0
-0.1800183218210942,-0.6764565054818505,0
-0.08435046857034083,0.6948992721624939,0
0.3398260689854107,-0.611978956205132,0
0.5882544481148486,-0.37941626780238985,0
-0.27052288888872555,0.6456139454715164,0
0.05803888336695548,0.6975897705797562,0
-0.5946542124998895,0.3693052498356017,0
0.326329635948228,-0.6192810094794583,0
-0.3484920138102766,0.6070859216869207,0
-0.3500807989145313,-0.6061711261940504,0
0.21451172257137885,-0.666321784785294,0
0.26709725313305516,0.6470386830544034,0
-0.04439239007042481,-0.6985909502017866,0
-0.4103585529548066,0.5671030400349103,0
-0.41018886213871886,-0.567225790472668,0
-0.2741371973639535,0.6440875693734794,0
-0.6094550281813634,0.34433206156913915,0
0.607392309762549,-0.34795773025083904,0
-0.6930400672593525,0.09846555323133092,0
0.16334932151098408,-0.6806739301324101,0
0.6140216889170371,0.336121057863784,0
-0.39198018801531687,-0.5799582159116955,0
0.0051726989483058755,-0.6999808877287937,0
-0.16898993102021295,-0.6792955197951651,0
-0.16724143069571795,0.6797281102461846,0
-0.12516813332905366,-0.6887183302329917,0
-0.22660369430699043,-0.6623071536125998,0
-0.49896788645657736,0.4909491300379868,0
-0.6609110013924494,0.2306439859142867,0
0.28922015410394347,-0.6374572161801065,0
-0.32790874525301367,0.6184463232865033,0
0.060818652304981596,-0.6973529174899935,0
-0.333352219453274,0.6155292826385892,0
-0.023961805764625164,-0.6995897596909908,0
-0.21430804000718096,0.6663873227997967,0
0.27176790764516695,0.6450908497058131,0
0.6350300618306963,-0.2945111552578305,0
-0.46106944301661273,-0.5267019733362981,0
0.21915868592041118,-0.6648078447082574,0
0.3046708681086342,-0.6302187414905488,0
-0.30557431843943633,-0.6297811809750065,0
0.37490282703857136,0.5911411593506978,0
0.462222782089581,0.5256901175762844,0
0.22994148338341286,-0.6611557412738965,0
0.2266118340197385,0.6623043686117512,0
0.44083762448676633,0.5437482770886403,0
0.06605196037879958,-0.69687670253074,0
0.22467615532767268,0.6629635172671083,0
0.12654121496981738,0.6884673709871532,0
-0.3737049515887319,0.5918991545508944,0
0.5287849231551939,0.458679087209953,0
-0.22065045849202308,0.6643142141842668,0
0.49035378950424746,-0.49955296127520266,0
0.09060178231662996,-0.6941118908656225,0
0.1857261828169459,-0.6749116868274295,0
0.3389416538502528,-0.612469228031299,0
-0.0476480844130587,0.6983764458025242,0
0.2770464468775255,0.6428415561182541,0
-0.11341705578079501,-0.6907507303347684,0
-0.058471921594176045,-0.6975536068182032,0
-0.3440865560302471,-0.6095936695531241,0
0.37277868002514264,-0.5924829581673319,0
-0.34273690085674324,-0.6103535178821491,0
-0.26064284835050505,0.6496655336430704,0
-0.1376104753082295,-0.6863405547433745,0
0.651263796369489,-0.2566232014810835,0
0.38300409943778585,-0.58592479023664,0
0.025174515009544284,-0.6995471705282169,0
-0.4833223225432854,0.5063590944491512,0
-0.24863866264444595,0.654353738767023,0
-0.6071931454199161,0.3483051595297844,0
-0.3601077783354075,-0.6002685965318667,0
-0.14543630620232462,0.6847249672957921,0
0.44176823164689816,0.5429924764741888,0
0.065347311808077,0.6969431317112308,0
0.07626054749409647,-0.6958335497056035,0
-0.25037827477258906,0.6536900791062243,0
-0.6204932659955298,-0.32401868287831903,0
-0.10171920473743656,-0.6925699989081128,0
0.19414284966096715,0.6725388865526803,0
0.3420361833586125,0.6107464688997174,0
-0.2405518323638368,-0.6573696189712456,0
-0.5625198352475598,-0.4166190525564789,0
-0.3358055723416753,-0.6141942832559416,0
0.2671692835694015,0.6470089442326225,0
-0.05485440086665882,0.6978474007299589,0
0.12902918093445742,0.6880054290973168,0
0.15117225184575017,0.6834814922672633,0
0.015841459994743488,-0.6998207257185478,0
-0.6796506802093999,-0.16755582022388824,0
-0.018137249331675907,0.6997649892547358,0
-0.07764815329767298,-0.695680073230117,0
-0.4112650695649747,-0.5664459749664715,0
0.12180024808713254,-0.6893219128722899,0
0.3230208217800846,-0.6210133240893618,0
-0.5548546014095759,-0.42677437984797145,0
0.6855595730350439,0.14144989155177265,0
0.17186540622185265,-0.6785737116512822,0
-0.1587630400804374,-0.6817582394840691,0
-0.49485335412336723,0.49509610977349966,0
0.04705228988226109,0.698416839728851,0
-0.09203351331803589,-0.6939235061779784,0
-0.11381583620193024,0.6906851347970762,0
0.009806919349429809,0.6999312997236755,0
0.07570328979974507,-0.6958943970987953,0
0.48898328936405533,0.5008945425163949,0
0.008129319057841465,-0.6999527942451946,0
-0.39420311159143323,0.5784495715372534,0
-0.17146805315623526,0.6786742272598911,0
0.3588146968870355,-0.6010424388492586,0
-0.1065002460345052,0.6918509215102556,0
-0.3439726441807174,-0.6096579533273765,0
-0.5062968982105872,-0.48338747487118267,0
-0.16594765787403365,0.6800451270659342,0
-0.4702703247795284,-0.5185034441850477,0
0.6780189806774714,0.17404097747680772,0
-0.10659285795908646,-0.6918366589247161,0
0.36079233883499406,-0.5998573899169491,0
-0.4342289948764335,0.5490402353276144,0
-0.20987501146626603,0.6677967352136687,0
-0.04382649125525159,0.6986266804698009,0
-0.6785284452163731,-0.17204403224829173,0
-0.6921161069619681,-0.10476303968389522,0
0.09167923641897983,-0.6939704011048545,0
0.3728296620805882,0.5924508781940274,0
-0.10594646046040072,0.6919359417720058,0
-0.6236032256594225,-0.31799216491474014,0
-0.2113658361624766,-0.6673263694050589,0
0.13845093133743347,0.6861715088895758,0
-0.12516067504189832,0.6887196856654064,0
-0.20183905332144558,-0.6702693462737965,0
0.541813220449938,-0.44321375671978736,0
-0.24869070637799529,0.6543339610330597,0
-0.1361893230204395,-0.6866239642593567,0
0.10805294662139064,-0.6916101219086046,0
0.2393319651752824,-0.6578147234938857,0
0.3655665136514457,-0.5969599015819466,0
0.30243393896303994,0.6312952657539103,0
-0.31076680444361454,-0.6272351977176537,0
0.4188299679692433,-0.560875617165591,0
0.10439937027836396,0.6921710565210604,0
0.3054012377101569,-0.6298651315996975,0
0.5662046492040472,0.41159724879999104,0
0.47121615284117396,-0.5176440256600701,0
-0.01688960254451166,-0.6997962141408657,0
0.6651647343155702,0.21807309834754218,0
0.4169822361470354,0.5622506689527528,0
0.12016943805812628,-0.6896080815628498,0
0.13373409674030115,0.6871063901384237,0
0.6119060863978752,0.3399572641218834,0
-0.3953918649373107,0.5776376659649156,0
-0.49502467410483436,0.49492481451974346,0
-0.36908220651659523,0.5947926738224347,0
-0.2444291694498866,-0.655937787539366,0
-0.5976731472164843,0.36439924409408775,0
-0.6662711761774663,-0.21466886079516875,0
-0.2570376884115212,-0.6511003200245425,0
-0.1609622174720294,-0.6812423684317404,0
-0.15454898943353934,0.6827258672886737,0
-0.3104789771626877,0.6273777209464895,0
0.6782065626314228,-0.1733085641382732,0
-0.6835855371696666,-0.15070107289750206,0
0.38858274346270993,-0.5822400290971016,0
-0.4005121275000487,0.5740993256618445,0
-0.032158901930962866,-0.6992608991117655,0
0.5627722075942704,0.4162780829679499,0
-0.4673591203278856,-0.5211290172753239,0
0.48242004463037863,0.5072187896153132,0
0.6505653840160317,0.2583886242079422,0
-0.09797810882904802,0.6931091473860976,0
-0.12036396644192224,0.6895741552453715,0
0.5609382264998561,-0.4187461116848681,0
0.3180001541793425,0.6235991516526577,0
0.25313575912766917,0.6526272193609907,0
-0.2522031374644042,-0.6529881908986646,0
0.4820493667293043,0.5075710866823253,0
0.1828820430685526,-0.6756879148860604,0
-0.5385283820681718,0.4471992639831121,0
-0.21592829534703006,-0.6658640786741132,0
-0.03367761124447126,0.6991894010215445,0
-0.567542068115233,-0.40975114511064414,0
-0.6817055203758511,-0.15898925589199428,0
0.43675805688098795,-0.547030529083655,0
-0.10527137176045509,-0.6920389716538166,0
0.4913913508506826,-0.4985323864195197,0
0.12091213731814993,0.6894782484235139,0
-0.4422700834502614,0.5425837937912436,0
0.018385053763361702,-0.699758522490522,0
-0.2128775713195385,-0.6668456640251136,0
-0.6158173829788576,-0.3328196971651031,0
-0.20448922554142915,-0.6694655753938857,0
-0.12363663187743099,0.6889949080058608,0
0.5859857267592836,0.3829108617346786,0
0.2423292079944753,0.6567164951124421,0
-0.16059115354111542,0.6813299357905345,0
0.0543138860358912,-0.6978896773729213,0
0.13802882502814537,0.6862565434743406,0
-0.6295344266941508,-0.3060823510215294,0
-0.15406298984194836,-0.6828357014399289,0
-0.3853136354998884,0.5844085919096836,0
0.6043573696365224,0.3532027318212923,0
-0.5302684490783667,-0.45696320630005166,0
-0.6339846909859411,-0.2967548004589996,0
0.5922603119582603,0.3731323128316604,0
0.4033674938077626,0.5720967269083477,0
-0.46060024500488844,-0.5271123355618199,0
-0.13515431167925387,-0.6868284443982405,0
0.1013787511329351,-0.6926199165622703,0
0.21935419649580631,-0.664743361365632,0
-0.0787186578177435,0.6955597550975566,0
-0.4562306470813104,0.53089885728241,0
0.6298052925778033,0.3055246200242913,0
0.6115299654043442,-0.34063338270428145,0
-0.2498610150677266,0.6538879668179598,0
-0.16372568827347167,0.6805834989179343,0
-0.2029369402513212,0.6699377570203306,0
0.16570943064131782,0.6801032161345293,0
-0.6475141706637251,-0.2659424727072911,0
0.3713204160877874,-0.5933979681431277,0
0.3343935008829585,0.6149642156802612,0
0.4199078015881721,-0.5600691369513127,0
0.22449673317416943,0.6630242957796688,0
-0.2669232836824812,-0.6471104701889482,0
-0.003449963869045613,0.6999914983407315,0
0.5323635443500314,0.45452068890983616,0
-0.5574237920111095,0.4234131742163384,0
0.4218504841966848,-0.558607347770348,0
-0.466501923098325,0.5218964990738723,0
-0.5969842008636905,-0.365526830641939,0
-0.341140332823251,0.6112473094593067,0
0.5187603561751553,-0.4699869071165983,0
-0.3976299793389923,-0.5760992965894617,0
-0.06514717457395336,-0.6969618681427491,0
0.11927357612277205,-0.6897635928627179,0
0.10989742077372246,-0.6913194318889665,0
-0.6077562004135234,-0.34732175408246047,0
0.4892969558307087,-0.5005881431024924,0
0.681408131586256,0.16025903471607317,0
-0.5133545023006222,0.47588565324842524,0
-0.11678405139236227,0.6901894561208437,0
-0.18694305677407497,0.6745756395868182,0
-0.2633103301404048,-0.6485889839037902,0
0.4137071655677226,0.5646648396685603,0
-0.5927656349550555,0.37232902387046024,0
-0.29534476997208303,-0.6346427868101372,0
0.05898459939716174,0.6975104422400831,0
-0.034018541418842085,-0.6991728962422202,0
0.04979182308381591,0.6982268788538507,0
0.5524992734811169,-0.42981920943908253,0
-0.6064298751757115,-0.3496323876507595,0
-0.04726874367301437,0.6984022235585844,0
-0.5692389818086089,-0.4073904534835079,0
0.27170225809291126,0.645118503026547,0
-0.6065369214816423,0.349446652408593,0
-0.396790242329749,-0.5766779895157252,0
-0.42004424032570187,-0.559966817025084,0
0.6281424552387029,0.3089288849018395,0
-0.14061577110653461,-0.6857311462345244,0
0.23951307621403523,0.6577488018404061,0
0.6544246226926838,-0.24845203402978702,0
-0.5350057328511655,0.45140764926658844,0
0.6623986944152801,-0.22633596629111408,0
0.19698403742708537,0.6717122069747762,0
-0.6509512819374041,0.25741489573070575,0
-0.05843112813313438,0.6975570250990876,0
0.5231228929143847,-0.4651262612548179,0
0.6516155005960365,-0.2557288395605329,0
0.5959145209098181,0.36726813606522124,0
-0.5327505084788369,0.4540670608132027,0
0.29866693902819896,0.633086139108673,0
0.6221275888327885,0.3208695423581066,0
-0.09464072861711689,-0.693572730495383,0
0.4943730552077062,-0.4955757079242265,0
-0.4596618308229452,0.5279308679026999,0
-0.1362312026579671,-0.686615656260738,0
-0.08403444307248994,-0.6949375600566546,0
0.35416748113371566,0.6037925101451649,0
0.591084093902297,0.3749927918449907,0
0.6041889266935895,0.3534907931769204,0
0.5632066340834239,-0.41569013378286984,0
0.6455358903821382,-0.2707090952083804,0
-0.0415776393350751,-0.6987641232256578,0
-0.4946997894919974,0.4952495515157721,0
0.4520643389444841,-0.5344509644997252,0
0.5245834567043752,-0.4634783672967799,0
-0.01897926153648477,0.6997426581476434,0
-0.2893478207552706,0.6373992772385106,0
-0.0932017820026451,0.6937675603770556,0
-0.3886946508281497,-0.5821653273921272,0
-0.5228929749807629,0.4653847190398146,0
-0.22959577585373137,-0.6612758726205902,0
0.47686954016552835,0.5124406713584682,0
-0.3365595398425598,0.6137814563352043,0
0.5714294254320204,-0.4043122700963094,0
0.6432023968871595,0.27620766940585273,0
-0.5616747829050258,0.41775763098786367,0
0.6964073985078095,-0.0708289157306882,0
-0.1386725962828974,0.6861267456091188,0
0.4388959582691436,-0.5453167316477737,0
-0.5079273294474603,0.48167398518123333,0
0.3975725202802212,-0.5761389512244707,0
-0.48498022660559786,0.5047714134156004,0
-0.08182849691890692,-0.6952007602786352,0
-0.15616790827585023,-0.682357372954045,0
0.3144694810603223,0.62538703654749,0
-0.09798782937714624,0.6931077732170916,0
-0.4166766252013695,0.5624771906582501,0
0.2164756703602394,-0.6656863256384984,0
-0.04728076807278585,0.6984014096280501,0
0.44890510840590575,0.5371072552545553,0
-0.32405982237015524,-0.6204717814094557,0
0.22240553092362708,0.6637286944336364,0
-0.35617333655324973,0.6026114455671461,0
-0.4264843359243172,-0.5550775722466131,0
-0.07678780513374783,-0.6957755622201325,0
0.16044680838353031,-0.6813639421627319,0
0.48328928722816566,0.5063906247655968,0
-0.5820918663483426,0.3888046542045287,0
0.30503756921209213,0.6300413330640919,0
-0.468208768133899,-0.5203657842734635,0
0.45544581856237243,-0.5315722964508689,0
0.6910672870983698,-0.1114719906635708,0
0.5223563066242256,0.4659870051084021,0
0.5504745592318584,0.43240925017683324,0
-0.49592704667107906,-0.4940206112907652,0
0.6747020848736797,0.1864861835823498,0
0.16248835528901073,0.6808799706229227,0
0.13242225673136254,0.687360419228641,0
-0.5944794243527599,-0.3695865446971942,0
0.25537448650007705,0.6517544565592336,0
0.11467245422065328,0.6905434296574054,0
-0.276693445251924,0.6429935748937313,0
0.022765231596825752,0.6996297193732859,0
-0.07606867981192904,-0.6958545508593518,0
0.5990919482709023,0.36206192497551365,0
-0.5800999300383403,0.3917704317192821,0
0.049124993312503834,0.6982741116725196,0
0.017387166168321786,0.6997840284349416,0
0.23056876317036604,-0.6609372477399709,0
-0.5671510621979791,-0.4102921796082689,0
0.18607575079780458,0.67481539324843,0
-0.061421363877286,-0.6973000903911127,0
0.5907407297275012,-0.37553347419507,0
-0.21155942940256725,0.6672650206858293,0
-0.016689053024503273,0.6998010256559684,0
0.4034396577724804,0.572045839541224,0
-0.03403130286423228,0.6991722752121703,0
0.5091240998325234,0.48040883731434697,0
-0.35751663418996754,0.6018154669643153,0
0.332145171913032,-0.6161814544230152,0
0.3154196672381336,-0.6249083400942773,0
0.6543113755016441,-0.24875012339523864,0
-0.08857390717109387,0.6943735759434156,0
-0.1779761785953754,0.6769966616258805,0
0.19116580763914506,0.6733911448702554,0
-0.34462016270269147,-0.6092921659259787,0
-0.697643632437134,-0.05738782205242663,0
0.2463677425127701,0.6552121301144854,0
-0.6832345158126385,0.1522845901667972,0
0.49162850995532975,0.4982985131415728,0
-0.027456249645937313,-0.6994613315654983,0
-0.13839624412730217,-0.6861825410278639,0
-0.28130797429707205,-0.6409881618227264,0
0.5427987523568272,0.44200623801013456,0
0.3992478478604998,-0.5749792656946502,0
-0.3095326865916164,0.6278451369019084,0
-0.32730855739210973,-0.6187641782277769,0
-0.06503654843159719,0.696972199853125,0
-0.3707283311753256,-0.5937680561161556,0
0.10760579566580908,0.691679833983273,0
0.42030767722755935,-0.5597691099583593,0
0.4314582065297355,-0.551220297175407,0
0.0849068317753956,-0.6948315118918144,0
0.23721223810509706,0.6585820784785832,0
0.1743386726840944,0.6779424955014608,0
0.5378572041996496,0.4480062810837996,0
-0.09920227402997905,-0.6929349961051765,0
-0.6084029513462961,-0.3461875919109702,0
0.013921505320423199,0.6998615518012211,0
-0.055108877349538905,0.6978273508807701,0
-0.19951921441049247,-0.6709635482505886,0
0.6811120608142363,0.16151272585584114,0
-0.19915551384792526,0.671071591787321,0
-0.42897548790120366,-0.5531546174261986,0
-0.5120997285709503,0.47723565247952604,0
0.11855471373245484,0.6898875124625866,0
-0.48100290982283905,-0.508562877864637,0
0.5314905569714156,-0.4555412032409521,0
0.036822297797390366,-0.699030842227237,0
0.10273955456058693,-0.6924193699837492,0
-0.5972426937309767,-0.3651043204139971,0
0.03185686172396016,0.6992747245261338,0
-0.5590987665206353,-0.42119896637468623,0
-0.6766610990186314,-0.179247753332916,0
-0.2030508965401561,-0.6699032269023928,0
-0.20883660425111575,0.6681221989463176,0
0.2849417449711305,-0.6393811085517049,0
0.34882467785532534,-0.6068948377759762,0
0.040637713589247344,-0.6988194160398222,0
0.6975182976507444,-0.058891633042457904,0
0.3361476249898732,0.6140071450835629,0
-0.30543544852877785,-0.6298485427323177,0
0.5821721223278394,-0.3886844735570217,0
0.10913046656421481,0.6914409166859282,0
0.2891680447568092,-0.6374808560980666,0
-0.2534251314285629,-0.6525149061595571,0
0.5577834616998906,0.42293925078442013,0
0.3305052648614513,-0.6170626142449904,0
-0.08887266165205027,-0.6943354016690205,0
0.18371230806325356,0.6754626472767181,0
-0.48883911028859633,0.5010352525045054,0
0.3954841804360434,-0.5775744653504266,0
0.19269312687091503,-0.6729556886279433,0
0.5322732414766085,-0.4546264361076949,0
-0.4721090850777049,0.5168297706083622,0
0.12611419790517645,-0.6885457204040513,0
0.17444642722418813,0.677914776375848,0
-0.24891712230888144,-0.6542478629857841,0
0.3414660455978573,-0.6110654136046009,0
0.5266945791113675,-0.4610778896614967,0
-0.5127696847664434,0.47651573991267304,0
-0.35723437415198167,-0.6019830578382102,0
-0.29184200155512724,0.6362611461721492,0
0.13081294380080183,0.6876685057018157,0
0.4353803306560759,0.5481276928579745,0
0.11160137124605683,0.6910464050525115,0
0.5664217931389569,-0.41129837375954775,0
-0.3869778297532173,-0.5833079454966218,0
-0.6993025978837746,0.03123902356034515,0
-0.12134665234285297,-0.689401907427868,0
0.014430942194296836,0.6998512326969102,0
0.332777224922852,0.6158403352920669,0
0.13930205502218285,-0.6859992255583068,0
0.16147999077565744,0.681119822482868,0
0.031719497428548384,-0.699280968912268,0
0.6687653103060447,0.20676788853992706,0
-0.04756297506553017,-0.6983822473423245,0
0.04780588162059915,-0.6983656618724013,0
0.5224435175647748,-0.46588922605544847,0
-0.642238505946739,-0.27844155846299307,0
0.6009674542430883,0.35894027210746565,0
0.16366278452565916,-0.6805986283862961,0
0.5809948727829416,-0.3904420031194562,0
0.5910104796644479,-0.37510880145205766,0
0.5435554886000954,0.44107531195104477,0
-0.6482715898020124,-0.26409079093291254,0
-0.031057266845902175,0.6993106935948158,0
-0.3420376450147246,0.6107456503265342,0
-0.5937992254043395,0.3706784049674412,0
-0.08159135557005176,-0.6952286319594737,0
0.2905825073330604,-0.636837346919943,0
0.2041930020633865,-0.669555985641486,0
0.07766853338074584,0.6956777982101225,0
0.4200306222590372,0.5599770319974614,0
-0.11143384681769838,-0.6910734387772473,0
-0.3216045159940754,-0.6217479676623129,0
0.629182349886073,0.3068054279047865,0
-0.1474581386839628,-0.6842924063117033,0
0.5929457582044279,0.3720421049120329,0
0.4526178161759317,-0.5339823147634484,0
-0.6724514195833826,0.19444559213387547,0
0.4467599195323809,0.5388929154288638,0
0.35944886255654285,-0.6006633959272094,0
-0.32027945794138624,0.6224315776218071,0
0.35436604603222804,0.6036759937412493,0
-0.2735623701726708,0.6443319250398125,0
-0.2923442695956211,-0.6360305244519344,0
-0.04338334412295661,0.6986543390351978,0
0.6494783617225367,0.26110889999042486,0
-0.3622162964317555,0.5989986265420502,0
0.10166354538292618,-0.6925781714291707,0
-0.4225884072938318,-0.5580493150438073,0
0.5695398463141541,-0.4069697328554664,0
0.3847123433710501,-0.5848045937387591,0
-0.5924649654323041,-0.3728072755932999,0
0.41505973048821254,-0.5636713760047181,0
0.42080400505164944,0.5593960934190472,0
0.34841534606446317,-0.6071299256557696,0
-0.3259531035439197,0.6194792767236743,0
-0.18607157394230617,0.6748165449739898,0
-0.5284818497265694,-0.45902825023040095,0
-0.3560854571149829,-0.6026633780405224,0
0.49138818428177344,-0.4985355076103023,0
0.4989778916850223,0.49093896118516617,0
-0.03562720466767226,-0.6990927708734855,0
0.19602710964316794,0.6719920924273927,0
-0.4818123119694903,0.5077961166005649,0
0.1533082073795976,0.6830055589452068,0
-0.17814432559235463,0.6769524350050342,0
-0.48893411760386685,-0.5009425402607849,0
-0.17800890482126572,0.6769880573572429,0
0.15269195359319668,-0.6831435920126112,0
-0.6662195092014078,-0.2148291543516271,0
-0.15724993382425137,-0.6821088317213526,0
0.5881431663121112,0.37958874577674756,0
-0.3458974232145185,0.6085679687705854,0
0.5393961324237765,0.44615222999136933,0
-0.027641711141857137,-0.6994540269418356,0
-0.07361755110720178,0.696118133773987,0
-0.456363161188254,0.5307849518498651,0
0.06842813247906473,0.6966473933672812,0
-0.6847702725860708,0.14522284180664635,0
-0.12365706505081173,-0.6889912410640786,0
-0.594712406258079,0.36921152994283046,0
-0.031195767957896157,0.6993045288438485,0
0.16751892367300317,0.6796597753372186,0
0.010917021787257685,0.6999148652766967,0
-0.5824035052213115,-0.388337684375248,0
-0.6312526379792822,-0.30252290333823856,0
0.06902597644811814,-0.69658841116931,0
-0.6722306289394206,-0.19520753447475042,0
0.03688728122386095,0.6990274161175023,0
-0.41450975898611286,0.5640759343433068,0
0.23304891099045597,0.6600668186525985,0
0.6840015410350209,-0.14880151834479582,0
-0.40179570652273855,-0.5732017186121247,0
0.3734331419549159,-0.5920706786268676,0
0.4050925779107378,0.5708765219569226,0
-0.2172803860495215,0.6654241007343894,0
-0.07112353000327899,-0.6963773714588036,0
0.6726552945130687,-0.19373914102095308,0
0.1691907684865685,0.6792455254610988,0
0.28193246309603287,-0.6407137319057583,0
0.5225072624792251,-0.4658177332996954,0
-0.18906512263040323,-0.6739839607919098,0
-0.5048231553690716,0.4849263674035617,0
0.2512318673149048,0.653362494213944,0
0.27109981561906576,0.6453719005126489,0
-0.43566421117132054,-0.5479020853259011,0
-0.002172314322988744,0.6999966293136576,0
0.2351920537037342,0.6593062246593913,0
-0.08388310442815976,0.6949558437710229,0
0.3816476831206546,0.5868092074675008,0
-0.5967673221801675,-0.3658808046043303,0
0.28450966177356896,-0.6395734925381831,0
0.5460759642268821,0.4379509576353052,0
0.637852904129765,-0.2883464456053251,0
-0.4037958458510855,-0.5717944690825597,0
0.5674670116845852,0.4098550849382825,0
0.6469362237664733,-0.26734532421341417,0
0.4587411161296653,-0.5287311115984276,0
0.013836254167709993,-0.6998632424056906,0
0.28254744217693967,-0.6404427709946212,0
-0.05545740677835608,0.6977997392041787,0
-0.5161965341735718,-0.4728013727848011,0
-0.5324010924758547,-0.45447670647736876,0
-0.21939714964370857,0.6647291860060126,0
0.15524402175925406,-0.6825681604850993,0
-0.03331530424643205,-0.6992067580501261,0
0.2396928575432655,-0.6576833083200028,0
-0.20064350528174435,0.6706282008596526,0
0.17457593645087505,0.6778814368400273,0
-0.0928656745562823,0.693812630678634,0
-0.08512660393994048,-0.694804620955886,0
0.5908039365403703,-0.3754340269187144,0
-0.5583185131393195,0.42223268216221665,0
-0.4727909342676055,0.5162060949604961,0
-0.674915040317332,-0.1857139961162166,0
0.5029217320449119,0.4868980708905569,0
0.5504394443502099,-0.43245394911300344,0
0.555782165433143,0.4255657229928727,0
0.1236718676704926,-0.6889885841919967,0
0.25034548816862506,0.6537026361837719,0
-0.18917104886960612,0.6739542375188192,0
-0.31880978406032895,-0.6231856237008411,0
0.5760781956000567,-0.39766054940637846,0
-0.25395316565751813,-0.6523095811442027,0
-0.6559124820447826,-0.24449706725818354,0
-0.24450242749125717,0.6559104839464623,0
-0.341858798654344,0.6108457757753659,0
0.6531123807071462,0.25188135732333133,0
-0.09631589326012174,-0.693342086350962,0
-0.25720074926643144,0.6510359241829795,0
0.06803107486362818,0.6966862800808549,0
-0.6849829634609402,-0.1442162950857779,0
0.5421184246967538,0.4428403929231276,0
-0.565061683435484,0.4131649717885784,0
-0.6329934305652167,0.2988633749077964,0
-0.19805268205630563,-0.6713978962808149,0
0.12323479702550208,0.6890668942868198,0
0.5915608661321319,-0.3742402191921679,0
0.19682954376031167,0.6717574939686997,0
-0.5879032462150713,-0.3799602256681365,0
0.6497696098587166,0.2603832830733402,0
-0.1975505362682692,-0.6715458179604122,0
-0.40229969183489767,0.5728481107148267,0
0.43244471678047475,-0.550446697627168,0
0.5511835541817796,-0.43150514434887244,0
-0.06929519776403048,-0.6965616810928117,0
-0.11236807412864322,-0.6909221489550177,0
-0.017416152216054304,-0.6997833076331467,0
-0.2639078974383475,0.6483460662868794,0
0.4739254198611595,0.5151647274507676,0
-0.2700982315598224,-0.6457917197582023,0
-0.27352940775312773,-0.6443459188155249,0
0.13765221164505514,0.6863321853368272,0
0.5358241524090183,0.4504358752310445,0
-0.6606812618633443,0.23130125426088596,0
-0.518070500891674,-0.4707472316496933,0
-0.3401373801246087,0.6118059844770787,0
-0.43082792868365155,0.5517130557329185,0
0.6635592671034838,-0.22291051801359077,0
0.6107577648114683,-0.3420160123773434,0
0.0006277834069139399,-0.6999997184913677,0
-0.30982755528397216,0.627699678179587,0
0.012370406639622033,-0.6998906864929482,0
-0.07170092521099813,0.6963181581173126,0
-0.3195900065044423,-0.6227858602621694,0
-0.507657468987479,0.4819583946579069,0
0.4016770093554513,0.5732849031286805,0
-0.3669622010160963,-0.5961029634429124,0
-0.20369476056383706,0.669707730669761,0
0.23977828007327515,0.6576521697714545,0
0.1910877170652521,0.6734133087389869,0
0.3388094130882699,0.6125423916781451,0
-0.6149435950251574,-0.3344314203802256,0
-0.4215795327423761,-0.5588118624123147,0
0.6870911456062072,0.1338123971444713,0
-0.11813104477400946,0.689960184547341,0
-0.3529400177609101,0.6045108302279856,0
-0.6116649129067235,-0.3403910021119981,0
-0.40504336036688837,-0.5709114434154381,0
0.15489063266539155,-0.6826484394712367,0
0.6752820010709197,0.18437521262266865,0
-0.32365044593419884,-0.6206854185870603,0
0.2590276977687745,-0.650311196111991,0
-0.41721666280434605,0.5620767352225179,0
0.2650628803291054,-0.6478747328547689,0
-0.3111711105489042,0.6270347198997529,0
-0.22076248817032493,-0.6642769932918399,0
0.6741826832337237,-0.18835527501977897,0
-0.15552890220282156,-0.682503304445909,0
0.4119758855659794,0.5659292090996249,0
-0.5059368001134642,0.48376435822717295,0
-0.33090856000938423,0.6168464354379587,0
0.5925376376998079,0.372691759915793,0
-0.14285418560388363,-0.6852683282156349,0
-0.30838803325931957,-0.6284081642869137,0
0.40861781680616893,0.5683585838082856,0
-0.6313099171962202,0.30240335389955836,0
0.46821707826782094,-0.5203583069562214,0
0.16277833403461503,0.6808107034770496,0
-0.6568268559937358,0.24202991807911717,0
0.456235669372737,0.5308945413092986,0
-0.14858573842274547,0.6840484473612723,0
-0.22023974817895917,0.6644504897447729,0
-0.038213330227944084,-0.6989561798803199,0
-0.5762661383554616,0.397388144997915,0
-0.6871970123677357,-0.13326764871062327,0
0.4570037289467846,0.5302335256551907,0
0.22641645404617436,0.6623711869768767,0
-0.047223611500323726,0.6984052766960358,0
-0.5748903052528244,0.3993759343354508,0
-0.2429850518559449,-0.6564741156927391,0
-0.6937010140355151,0.09369580100569089,0
0.08436503948096871,-0.6948975033149669,0
-0.505255169933212,0.48447622568683496,0
0.12480695745003557,-0.6887838727584038,0
0.4613387372023009,0.5264661143479096,0
-0.36775508394286,-0.5956141353545766,0
0.31134598454648915,-0.6269479068525369,0
0.3092499389998944,-0.6279844546074063,0
0.4905653593354106,-0.49934519945636746,0
-0.1600105442776161,0.6814665257516183,0
-0.5043504639033322,0.4854179740805789,0
0.01784131040015726,0.6997725970936596,0
0.0301148365314132,0.6993519118588911,0
-0.6750733474360219,-0.1851377205799078,0
0.3109910791190507,0.6271240297647414,0
-0.3786091146103473,-0.588774267724031,0
-0.6272071407482264,-0.3108234267143236,0
-0.4566559483480928,-0.5305330761020504,0
-0.05353776917416468,0.6979496452265406,0
-0.4052641624853908,-0.5707547271858681,0
-0.3171333592055093,-0.6240404093318231,0
0.5704914086099352,0.4056347528285168,0
-0.37417096107968323,-0.5916046753404728,0
0.6969988653081488,-0.06475014871915732,0
-0.25514864047189784,-0.651842903823722,0
0.5787769245055084,0.39372232811963426,0
-0.5426699368571987,-0.4421643807809534,0
-0.3817609377669123,0.5867355336054974,0
0.6961380123788842,0.07342933828638555,0
0.12771193428786481,0.6882511618881961,0
-0.36880881939925647,0.59496222966952,0
-0.3053341530690829,-0.6298976543610761,0
0.38058321939816175,0.5875001388191586,0
-0.43798293293162216,0.5460503186159807,0
-0.27625320357667493,0.6431828414328418,0
-0.13555918234209693,-0.6867486498586962,0
-0.25682992618989636,-0.6511823009060461,0
0.37064655332943836,0.5938191075613917,0
-0.1736336158771952,-0.6781234160810335,0
-0.2653941487649857,-0.6477391031899407,0
0.11010461642297735,0.6912864626494207,0
0.3493962704839847,0.6065659454435949,0
0.5920122957205337,0.37352569083759596,0
0.4645801246156236,0.5236079714940669,0
-0.2209541941762918,-0.664213251957461,0
0.35199624491838494,0.6050608593880092,0
0.407247847350346,-0.56934101453216,0
-0.04540970416233478,0.6985255605687519,0
0.14483078978524955,-0.6848532998607664,0
-0.03293478178054236,-0.6992247851364166,0
0.2547398469308065,-0.652002768694788,0
-0.6767799563819971,0.17879846375062086,0
0.6729246204156488,0.19280159552881004,0
0.32343219712405585,-0.620799173536423,0
0.17725458574320904,0.6771859507055675,0
0.6987847172640915,0.04123007298251585,0
-0.5299955334642801,-0.4572797114545026,0
-0.5965171867348898,-0.36628847365142747,0
-0.5950463135982025,0.3686731406994407,0
-0.5652017344321993,-0.41297336402585766,0
0.4878921370065494,0.5019574311106295,0
-0.18665901612897132,-0.674654290505711,0
-0.023561706950720816,-0.6996033490239797,0
0.6253917758374115,0.31446005583369224,0
-0.29587263281521825,-0.6343968672298052,0
-0.2914528350665421,-0.6364395061053917,0
-0.5699018116385904,-0.4064626982775326,0
-0.04789526330253695,0.6983595375973473,0
-0.45953421930531346,0.5280419503102532,0
-0.6838688782277174,-0.14941003109417866,0
-0.4564680956361958,-0.5306947123029065,0
0.27530910109342815,0.6435875222960188,0
-0.2758753396798153,-0.6433450061643026,0
0.2729985017745711,-0.6445710341217944,0
-0.15330613794250475,0.6830060234501256,0
-0.47638704677029825,0.5128892489314566,0
0.058824120858796465,-0.6975239944297182,0
0.33862872361468394,0.6126422998317125,0
-0.1496104025044782,0.68382507080572,0
0.3185565998874315,-0.6233150829782309,0
-0.22096536383629622,-0.6642095362042713,0
-0.024542770831752936,0.6995696194088906,0
-0.04293806925199423,0.698681846199621,0
-0.06630493358513742,0.696852678679124,0
0.5190596468998523,-0.46965634559771535,0
-0.5861477938934664,0.3826627284095257,0
0.39225402542733034,0.5797730414015947,0
0.6943541138684434,-0.08872634644776446,0
0.6977592131637774,0.05596499303194929,0
0.2762439477832998,-0.6431868168060485,0
-0.1699998999416888,-0.6790434699044059,0
0.18068687309565207,0.676278237037771,0
-0.6282348474650041,0.30874095360127224,0
0.5166627930513453,0.472291814746331,0
0.2004271964177139,-0.6706928797416408,0
0.6551723417892686,0.24647353317215556,0
-0.4972651807875637,0.4926736647886829,0
-0.0804334470165236,-0.6953635456371293,0
-0.4027559367637839,0.5725274276412675,0
-0.45413714231732416,0.5326907695538327,0
-0.10813432451448628,0.6915974030184003,0
-0.2684215923880129,0.6464904088537458,0
-0.012101958622122044,-0.6998953797515086,0
-0.42864857845940124,0.5534079834848197,0
0.15832302119236596,0.6818605582965783,0
-0.21815981560377606,-0.6651362979538302,0
-0.49804944550899155,-0.4918808288886506,0
0.1526302639063476,-0.6831573775784601,0
-0.046603408629536575,0.6984469359257783,0
0.40695748466998516,0.56954859816444,0
-0.11831570237098611,-0.6899285430915727,0
0.1674912973353422,0.6796665839343022,0
-0.46446221343810024,-0.5237125664791523,0
0.5377920762280525,0.4480844593894331,0
-0.31332696218782863,-0.6259602341731837,0
0.20742823530408783,0.6685607879606998,0
-0.6407834408636418,-0.2817739908418653,0
0.2689411635289903,0.6462744390424805,0
0.04941897655761829,0.6982533671640957,0
0.5846412285145739,-0.3849605615137344,0
-0.5129650471360769,0.4763054276582226,0
-0.176754571547156,0.6773166330728791,0
-0.6802346464388653,0.1651690824100922,0
-0.6749924778937835,0.1854323455786777,0
-0.3253435875170292,0.6197996047607235,0
0.02101340479664715,0.6996845266395794,0
-0.36784449821326504,0.5955589182727694,0
-0.5913888994873225,0.37451190843973636,0
-0.437456774301184,0.5464719303111578,0
0.13697092286704726,-0.6864684743591284,0
0.653529395237441,-0.25079738746762203,0
-0.22380498338080437,-0.6632581167342906,0
0.21860212592568914,-0.664991060496883,0
-0.056340081928507875,-0.6977290270357748,0
-0.24413854369105567,0.6560460132371894,0
0.33869242607271083,0.6126070849418747,0
-0.3405671753053409,0.6115668394415619,0
0.2674951541094795,0.6468742864946371,0
0.16380448292550484,0.6805645387275978,0
-0.21775305089775499,-0.6652695760552406,0
-0.36272088908567757,-0.5986932074283919,0
-0.15511460043015068,-0.6825975833046838,0
0.06382509778840677,-0.6970841820700713,0
0.14086380625918063,0.6856802374913368,0
-0.019522628357772853,-0.6997277091712206,0
-0.5591712978376306,-0.4211026711795826,0
0.007420146005058159,-0.6999606713475147,0
0.09819977040237887,-0.6930777770877666,0
0.5998904357441577,0.3607373907743479,0
0.04875182217859113,0.6983002648103944,0
0.6095966942151876,0.34408119739665377,0
0.5290176219067891,-0.4584106845527114,0
0.6789960093591463,-0.17018936298827272,0
-0.5965489287010941,-0.3662367754139074,0
0.40031870379543283,-0.5742342164931871,0
-0.10280007765673697,-0.6924103870059783,0
-0.688937321930122,0.12395711537362972,0
-0.6205979266029009,0.32381817968758386,0
-0.21523313722420112,0.6660891056312422,0
0.6194557414257424,0.32599782884964684,0
-0.22021927196864677,0.664457276469751,0
-0.2070933763365708,0.6686645896692297,0
0.0853640253488109,-0.6947754912029119,0
0.24564666245286565,-0.6554828123038527,0
-0.583147184300195,-0.38722004266663984,0
0.2480582564386895,-0.6545739846744578,0
-0.23299205954256347,0.6600868883640354,0
0.12230221020652915,0.6892330298082049,0
-0.33306699025169517,-0.6156836687818487,0
-0.48216434602888003,-0.5074618640041263,0
0.21674072468643577,0.6656000738148987,0
-0.5351676270409349,-0.4512157033696575,0
-0.6971497612699686,0.06310475704117437,0
-0.5357353254962012,-0.45054151974649276,0
-0.2108632616067575,-0.6674853443369076,0
-0.3502355299714267,0.606081738337028,0
-0.6734937078229647,-0.19080415488892002,0
-0.6073952342777256,-0.34795262519013537,0
0.13217480709976803,0.6874080450272161,0
0.23766122765670425,0.6584201856479707,0
-0.1510813855049239,-0.6835015837245094,0
-0.12850813991623952,-0.6881029414086733,0
0.05234983929875156,-0.6980397512501668,0
-0.013301355435820094,0.6998736128356104,0
-0.36009568409811266,-0.6002758518330653,0
-0.30196822852382155,-0.6315181620208441,0
0.14926581707259245,0.6839003698300297,0
0.1178011591198689,0.6900165845180934,0
-0.4141899926380014,-0.5643107743066158,0
0.16268916308099435,0.6808320176196222,0
-0.1898357341819508,-0.673767314454775,0
0.2542178713433237,-0.6522064656914015,0
0.10710181913181122,-0.6917580504328495,0
-0.03217329584425599,-0.699260236989433,0
-0.49196802467739803,0.49796331460763155,0
-0.34294626902232056,0.6102359023883059,0
-0.6929944687743197,-0.09878596179720263,0
-0.6308916909039141,-0.3032749154618629,0
-0.22508479096527578,-0.6628248915634641,0
0.18860479999204693,-0.6741129203775581,0
-0.34727040206053733,0.6077855442939661,0
0.4446478809706528,-0.5406369039829857,0
-0.005529414789635622,0.6999781607822376,0
0.35919820915157563,-0.600813320876211,0
-0.41252322569277716,-0.5655303601611729,0
-0.6841514749069127,-0.14811063224055135,0
0.39228237122678294,-0.5797538626216237,0
-0.24995444089644112,0.6538522596704454,0
0.5421358037627735,0.4428191168846389,0
0.22517470577737533,0.6627943511211244,0
0.5997424859796897,0.3609833105711421,0
0.4897761570562801,0.5001193017462754,0
-0.44840676592648654,-0.5375233690467318,0
0.23961355879082435,-0.6577122033561458,0
-0.6218521957540217,-0.3214029350144484,0
0.3457542527605907,0.6086493216113573,0
-0.06280438936196094,0.6971768847838196,0
0.1577716006886187,0.6819883591500305,0
0.42127874676077776,0.559038654770552,0
-0.49196460529808145,-0.49796669279571587,0
-0.6141078436590711,0.3359636235612507,0
0.3291060885827215,-0.6178099889592121,0
-0.03924505542217924,-0.6988990096036122,0
0.6823585737444428,0.15616266147017932,0
-0.5386722322345254,0.447025979356316,0
-0.17088938202090545,-0.6788201669901337,0
0.4633347635819874,0.524710298027801,0
0.6178068538416635,-0.32911197387251867,0
-0.14974879342068634,0.6837947783282997,0
0.19600532723167735,0.6719984462011821,0
0.39170175376878497,0.580146305766449,0
-0.16174726506910356,0.6810564016604389,0
0.11885364694233704,0.6898360751718529,0
-0.15243020682513048,0.6832020433570496,0
0.07834615668106305,-0.6956018111917954,0
-0.1797786996943778,0.6765202281796152,0
-0.01873891668305667,0.699749135763343,0
0.3595110637835097,0.6006261691079146,0
0.28091383474376536,-0.6411609918339951,0
-0.16264115836513401,-0.6808434868643801,0
0.06818825092851134,0.6966709140155848,0
0.44444010106917264,-0.54080772605578,0
0.3152195222570585,0.6250093221609032,0
-0.5552741030831537,0.42622842519616067,0
0.44158765565606306,-0.5431393397390601,0
0.2885966395200807,0.6377397428871096,0
-0.6220824009840408,-0.3209571410421196,0
-0.15031796323455682,0.6836698837370375,0
-0.023849867539851032,0.6995935847464094,0
-0.3033078097014553,0.6308758773119366,0
0.13933470953117577,0.6859925937791623,0
-0.25963956369353275,0.6500671480432094,0
0.4974135736675313,-0.49252384382006864,0
0.11458218078236372,-0.690558414507533,0
0.6019938132567709,-0.3572162493512466,0
-0.11132185354289552,-0.6910914880996394,0
-0.3917184171396988,0.5801350546843114,0
-0.10915651310145806,0.6914368052450861,0
-0.2731829218431703,-0.6444928946181084,0
-0.4315381997513312,0.551157674495584,0
-0.48079033404752586,-0.5087638496261978,0
0.05213874765849897,0.6980555500764988,0
-0.2246908408607992,-0.6629585402069024,0
0.09941519526379862,-0.6929044803944197,0
0.37143996528930573,0.5933231431402952,0
-0.16415442439632033,0.6804802164288927,0
0.6664687463706697,0.21405468953309084,0
-0.3206651198434783,0.6222329796111483,0
-0.08857499706294153,0.6943734369165484,0
-0.20749710720952186,0.668539415816061,0
-0.4932881801138578,-0.4966555862566716,0
-0.2083228120184554,-0.6682825794472899,0
0.6362297272388968,0.29191049000938435,0
0.1511186316257686,-0.6834933497668834,0
-0.011181689826904572,0.6999106870255768,0
0.6578191730889342,-0.2393197349083245,0
0.09214542249086378,-0.6939086547334455,0
-0.2882128868599619,-0.6379132635773038,0
0.3624192679495046,0.5988758420732507,0
0.015942234743555984,0.6998184372759704,0
0.0798229880130487,-0.6954338865662707,0
-0.6962240715136179,0.07260883035141569,0
0.6288709755469308,0.3074431591606023,0
0.48060402975026256,-0.508939845745849,0
0.07604477162174898,0.695857164013561,0
-0.1535914227104312,-0.6829419264255092,0
-0.4923833815682447,-0.49755261586632255,0
-0.20562046920696653,-0.6691189898987375,0
-0.3403136519936088,-0.6117079517766406,0
-0.09248886728069562,-0.6938629615631128,0
0.21185015022296894,-0.6671727766107558,0
0.0591864658601604,-0.6974933420893593,0
-0.3596280367236264,0.6005561382604543,0
-0.042236663529089835,0.6987245982888611,0
0.4157754659208626,0.5631436423669272,0
-0.20318502154524898,0.6698625583055502,0
0.30753355811181127,-0.6288267731538545,0
0.622371799634258,-0.32039560393366023,0
0.2559286799434251,0.6515370371532349,0
0.3196122043979662,-0.6227744686480593,0
0.6621295155347684,0.22712222405060412,0
-0.4566593490338368,-0.5305301489453661,0
0.269288682017198,0.6461297127802128,0
0.4118707103892595,-0.5660057578536164,0
0.5349124953893605,-0.4515181306175062,0
-0.5272633016909269,-0.4604274217398248,0
-0.12344111061437962,-0.6890299646679297,0
-0.5975403931045324,0.3646168929280167,0
0.4063062282176847,0.5700133760812273,0
0.20124406239141823,-0.670448228688986,0
-0.40398119542803157,-0.5716635319316237,0
0.6863094153933224,-0.13776569363406854,0
-0.35811124848473863,-0.6014618306332512,0
-0.4047616029073387,0.5711112368110802,0
0.11661868143141631,-0.6902174172977655,0
-0.016910305022340876,-0.6997957141795392,0
0.3689296388887171,-0.5948873183632685,0
-0.6518079880002374,0.25523782395852357,0
0.644399827174936,0.27340238246385584,0
-0.2964240442059173,-0.6341394058222595,0
-0.35596225543044546,-0.6027361551366155,0
-0.1412812907309547,-0.6855943384315505,0
0.14584551322261274,-0.684637923484255,0
0.6176866369882068,-0.32933754490825845,0
-0.6121894015390014,-0.3394468097409655,0
-0.4323160771190658,0.5505477358634598,0
0.22747056779594793,-0.6620099249909996,0
0.34978103283197753,0.6063441506858914,0
0.2543102608230556,-0.6521704464632765,0
-0.22109731058531504,0.664165626370366,0
-0.5751558542409307,-0.398993412642847,0
-0.2292253621173351,-0.6614043644867915,0
-0.21676182447908843,0.6655932026760015,0
0.027914202718078138,-0.6994432051901097,0
-0.30099302211739093,0.6319835445932431,0
-0.23041415406281981,0.6609911630328466,0
0.4081081106043228,0.5687246874006524,0
0.5531471589702077,0.42898510524631,0
0.34400650034165003,-0.6096388502406078,0
0.6015476124558886,0.3579671352912443,0
-0.21240348493856243,0.6669968212712515,0
0.5656573144252814,0.4123491271206697,0
-0.6163345205110282,-0.331861053494442,0
0.5657116666516818,0.41227455683582553,0
-0.36568044669513317,0.5968901162733788,0
0.6519770251939306,-0.2548057272105019,0
0.5932023883880904,0.3716327843593258,0
-0.3904307568819538,-0.5810024303568657,0
0.574401510408756,-0.400078623323141,0
0.5791208309842103,0.39321630576586936,0
-0.29556153561855925,-0.6345418651773885,0
-0.6933238524992879,-0.0964470608963573,0
-0.4433407231616647,-0.5417093345942011,0
0.230635020639796,-0.6609141300157538,0
-0.48928288604104775,0.5006018951495719,0
0.36834402818825074,-0.595250096092435,0
0.6721053505602527,0.19563843627538988,0
0.22746986386631465,0.6620101668650114,0
-0.29521050225581164,0.6347052539233241,0
0.22341229892922768,0.663390491857667,0
-0.4666148701481682,-0.5217955183370283,0
0.08908841321593457,-0.6943077521032491,0
-0.3915722347911238,0.5802337330254808,0
0.6750485766825578,-0.1852280192596488,0
-0.044531529507686816,-0.6985820945885358,0
0.05260647999414991,0.6980204569084096,0
-0.6441047580414562,0.27409680893501315,0
-0.681723799289486,-0.15891086017736022,0
0.403833556804922,-0.5717678360998333,0
-0.4694842248041296,-0.519215333614162,0
0.6070932304925819,0.34847928129241884,0
-0.36403393117455124,0.5978957241472814,0
-0.44268279480606526,0.542247123720072,0
0.4702222897234631,0.5185470067864856,0
-0.6462236296293509,0.26906322771547114,0
0.25985376193451726,-0.6499815554371363,0
0.6406575466193112,0.2820601140886904,0
0.27300127512415145,0.644569859503675,0
0.10743049043935175,0.6917070837601421,0
-0.006048581960984189,-0.6999738671238099,0
-0.15077028113527882,0.6835702760699802,0
-0.1267118779248867,0.6884359810416278,0
0.2681444108914904,0.6466054244341409,0
-0.41253190627494385,-0.5655240280528855,0
0.6205314907142851,-0.3239454723127134,0
0.35143474054181056,0.6053871679679956,0
0.1754925801902425,-0.6776447109645077,0
0.4055188939279049,0.5705737696980896,0
-0.03722317835575799,-0.6990096100863674,0
0.12896775725278337,-0.6880169457136845,0
-0.5672552267145168,-0.4101481534336856,0
-0.5617680351529207,0.41763222418825247,0
0.4930995502687671,-0.49684286602983396,0
-0.6880539931621649,0.12876995959306475,0
-0.17392183490150243,0.6780495522780724,0
-0.27822323112428343,0.642333117364163,0
-0.5448960629768782,0.4394181158672204,0
0.4299512483648459,0.5523965278941483,0
0.19656573205185235,-0.6718347363622391,0
-0.6775387104205124,0.1759013811250752,0
-0.41668405471547076,0.5624716868837706,0
0.5247806207274642,0.46325511341905046,0
-0.3189392396358188,-0.623119379750402,0
0.5104952464739124,0.4789515667868092,0
-0.18616607232573004,0.6747904811975425,0
-0.5602311050101507,-0.419691683237952,0
-0.27335474457264763,0.6444200366373026,0
0.5364460733793228,-0.44969501926962246,0
0.09559276955204751,-0.6934421550564756,0
0.48813276740884853,0.5017234311667923,0
-0.39166412419316177,-0.5801717106340186,0
-0.25064832784048247,0.653586578618908,0
0.4658574685832557,-0.5224718355712592,0
0.5001261178251755,0.48976919693782156,0
0.4146879895369069,0.5639449187055755,0
-0.30324122641124296,-0.6309078844051683,0
0.38044882535255475,0.5875871776067456,0
0.611320764203165,0.3410086850126523,0
0.37670762009155123,0.5899926855181845,0
0.559684966478879,0.4204197168277625,0
-0.5473134586695162,0.43640345777641554,0
-0.42430892443956003,0.5567422533281838,0
0.34851729392048675,0.6070714091755113,0
-0.3243435702714827,0.620323503039783,0
0.06278866266152469,-0.6971783013269828,0
0.4112366498368742,0.5664666078692936,0
-0.6031070285337341,-0.3553335223887687,0
0.3843646379101754,0.5850331829257035,0
0.2744682490276947,0.6439465663202741,0
-0.3225474131642585,0.6212593389729003,0
-0.6467098254961064,-0.2678925187585415,0
0.46227202181071486,-0.5256468185493316,0
-0.3293556336089796,0.6176769921326417,0
0.354407944196929,0.6036513969917624,0
-0.4124059876004239,-0.5656158602720746,0
0.16862788724260847,0.6793854838338056,0
-0.5176176294746713,-0.47124514815223495,0
0.5721362766746626,-0.4033113944743613,0
0.16795727001682312,0.6795515840968189,0
0.016488787589868603,-0.6998057729711982,0
0.3337315105830002,-0.6153237187399725,0
0.374466018448946,-0.5914179579848701,0
0.4112225361333288,0.5664768536984305,0
-0.690808312668214,0.11306580008338087,0
0.36733361263996445,-0.5958741620718861,0
-0.3838005110503771,-0.5854034230489853,0
-0.23315603729925208,-0.6600289859323678,0
0.3246501084912546,0.6201631293914663,0
-0.24495687608050162,0.6557409007076512,0
0.1765786937873005,-0.6773625062699963,0
0.2807648198641311,-0.6412262595423412,0
0.0548296716682253,0.6978493441314927,0
-0.0034077452477706102,0.6999917051453726,0
0.49125260720408936,0.4986691046327059,0
0.42052314089906406,-0.5596072622548656,0
-0.6180972030118291,0.32856635194272954,0
-0.5444201462237004,0.4400076185542298,0
0.40893991860416284,0.5681268722495184,0
0.24877484291634006,0.6543019773254168,0
0.5168999646044039,-0.4720322304588596,0
-0.19691093529876758,-0.6717336403365284,0
-0.43246331963620566,-0.5504320822492389,0
0.24800168442823187,-0.6545954204856307,0
-0.03285454323138057,0.6992285599065997,0
-0.06037788573125264,0.69739121797928,0
0.510262767921316,-0.4791992358855314,0
0.48383805265364105,0.5058663250349171,0
-0.23400718399205755,-0.6597276997671897,0
-0.05671393579391492,-0.6976987383439672,0
-0.25869073054854447,-0.6504453135569971,0
0.3868762213681472,-0.5833753417311228,0
0.29593496244321205,0.6343677939521636,0
0.2264817255178061,0.6623488718239634,0
-0.6180260151820441,-0.3287002351051847,0
0.5539934771315436,0.4278916069470186,0
0.1711073586099896,0.6787652553199172,0
-0.5540698308506212,0.42779273315609734,0
-0.6025610423261231,-0.35625860027633866,0
-0.2801546469060938,-0.6414930816594375,0
0.4991121802805072,-0.4908024363179531,0
0.36076010466122443,0.5998767764173092,0
0.050484471006995955,-0.6981771395477968,0
0.5909885667444684,0.3751433245805114,0
-0.38719211841424445,-0.5831657255342512,0
0.07453569874771108,-0.6960204232723278,0
-0.6943983234044924,0.08837968348568565,0
-0.21068463029334708,0.6675417489252305,0
-0.6245555378101776,-0.3161176682671182,0
-0.6131800335241934,0.3376540337198255,0
0.41288965242184233,-0.5652628900989081,0
0.3175453133764192,0.6238308856995393,0
0.39601938498522893,-0.5772076287748811,0
0.6309778248456606,0.3030956689776989,0
-0.16055946540509464,-0.6813374039848613,0
-0.6536787511696085,-0.2504078478589299,0
0.39824828894337766,-0.5756720423589041,0
-0.15518309495246604,0.6825820148824417,0
-0.06435848048642201,-0.6970351397092394,0
-0.2102298712932781,0.6676851063308299,0
-0.08726258396261505,-0.6945395895412784,0
-0.6475360116552555,-0.2658892882566063,0
0.641042243648671,-0.28118471128046385,0
-0.4297159927373526,-0.5525795558883367,0
0.697064770335863,-0.06403675473203256,0
-0.10044262426350453,0.6927562913688048,0
0.05347505519330804,-0.6979544530068367,0
0.3173576159650637,-0.6239263927651811,0
0.5995980312295571,-0.36122320100685523,0
-0.13911495694460044,0.686037191961414,0
-0.6958890888392403,0.07575206950633032,0
-0.18737817851885083,0.6744549045080461,0
-0.15448567189109963,0.682740197425313,0
0.6760137593052161,-0.18167387602522622,0
0.07150355061944226,0.6963384538059153,0
-0.37051189325777634,0.5939031376870626,0
-0.046795908927896,-0.698434064824742,0
-0.4631209005113932,0.5248990679259358,0
-0.014007693932760844,-0.6998598320454503,0
0.5171971887169016,0.47170654859068223,0
-0.17995502067474142,0.6764733479849396,0
-0.15018513244726586,-0.6836990756113374,0
0.0813824643177315,0.6952531154202569,0
-0.05486152838423277,-0.6978468404337345,0
-0.6155682230461731,0.3332803066125823,0
-0.14057281823193096,0.6857399527330549,0
0.26300714723334473,-0.6487119857873582,0
-0.586906073102922,0.3814987042637334,0
-0.5137133585012136,-0.4754982495208616,0
-0.3372605459013277,-0.6133965472500953,0
0.14226366189809067,-0.685391166052894,0
0.4175804606020538,0.561806513777988,0
0.17215590847139572,0.6785000686649842,0
0.6439532296385526,-0.27445261528737064,0
0.3390308290125345,-0.6124198698434543,0
-0.6434019225339288,0.2757425721205273,0
0.2038284161969761,0.6696670641077044,0
-0.4370796070729919,0.5467736433670874,0
-0.5444950229070458,-0.439914957724167,0
-0.21131520620573074,0.6673424035877156,0
0.028423424445552344,0.6994226969028013,0
0.36717808250411976,-0.5959700124407249,0
0.07403811454287294,-0.6960735288710068,0
-0.5222029188436078,0.466158890885089,0
0.11750332508951102,-0.6900673652571238,0
-0.2127932917800595,-0.6668725627684846,0
0.1203353477780457,0.6895791499712971,0
-0.2626765903629915,-0.6488459053390667,0
-0.06250342534975573,0.6972039312995498,0
0.6572712332786445,-0.24082052633521445,0
0.579189312802737,-0.39311542825879175,0
-0.12732504811101278,-0.6883228400420316,0
0.657947787104008,-0.23896591691063152,0
0.32482794669769466,-0.6200700001162446,0
-0.09968973302685147,0.6928650352911705,0
0.2368193646152332,0.6587234537673887,0
0.5924951870009642,-0.37275924318612474,0
0.2008246623731503,-0.6705739742807725,0
-0.5590685266882504,0.42123910367703166,0
-0.562546816419314,0.4165826200605284,0
-0.38758157828352713,0.5829069567051418,0
-0.5830651245034184,0.3873435950003732,0
-0.4799472491158169,-0.5095592586404057,0
-0.6295671448012965,-0.3060150489546933,0
0.4234911625045116,-0.5573645443339371,0
-0.22572217421838625,-0.6626081044374,0
-0.20730933499607607,-0.6685976664807354,0
-0.4681129088673713,-0.5204520194520607,0
-0.05567962627108242,0.6977820427743269,0
0.1992688550198809,0.6710379448429616,0
0.6158568496716579,-0.33274666145958687,0
0.6703079402061651,0.20171084575839762,0
-0.6903055770255165,0.1160956946982471,0
0.601178891926146,0.35858602859348987,0
-0.6238550474662711,0.31749784212000026,0
0.36619694202689296,0.5965733816138232,0
-0.6807499277229538,-0.16303231552423303,0
-0.2302960856136119,0.6610323085531054,0
-0.6667716333224746,-0.21310933577973412,0
0.6412997812266051,0.2805968470933134,0
-0.01609741329887242,0.699814885012519,0
0.649011150730042,0.2622680427121586,0
-0.13298949154283904,0.6872508967903768,0
-0.052517084297769065,0.6980271884796903,0
0.014649174235141515,0.6998466987092448,0
-0.007091792501687099,-0.699964075134655,0
-0.23685095877799386,0.6587120944129878,0
0.5579201394240814,-0.4227589360676053,0
0.06920425846194744,0.6965707219017548,0
0.2590893147914209,0.6502866498406006,0
0.5481781159709345,0.43531684227761813,0
0.08619942530889912,-0.6946723393632537,0
-0.6239804427078829,-0.317251331152565,0
-0.2795483658327621,-0.6417575174162218,0
-0.43164612260950724,-0.5510731574266508,0
-0.2042494423938538,0.6695387705591064,0
-0.13696282218669753,0.6864700906366241,0
0.18278871617124806,0.6757131678755912,0
-0.5645558079262706,0.41385594080152555,0
-0.4007004372857985,-0.5739679081263775,0
-0.5294056470011161,-0.4579625103906755,0
0.11509089851942099,-0.6904738120146138,0
-0.5382602594956246,0.447521947001153,0
-0.19312622865578466,-0.672831524086969,0
-0.31036360324559986,0.6274348044063286,0
-0.3086360044748736,0.6282864129851813,0
-0.08478231311744204,-0.6948467164651899,0
-0.03989324086264168,0.6988623107118277,0
0.21786966195387744,0.6652313961322806,0
0.21393452818839961,0.6665073275282176,0
0.630928439046037,-0.30319845778455257,0
-0.23133305431118198,0.6606701279633125,0
-0.4497054886428086,0.5364372968805698,0
-0.1379214521679645,0.6862781309584911,0
-0.11889184587664674,0.6898294926893483,0
-0.284346309703056,0.6396461335443635,0
0.06138421661212174,0.6973033614940602,0
-0.6285257357160625,0.30814834015873305,0
0.6386981074009749,0.2864694182673129,0
0.6052959992963416,-0.35159174227481965,0
-0.12204040476426893,0.6892794350660502,0
0.32566970258435674,0.6196283118278381,0
0.3431079719682117,-0.6101449988091854,0
-0.0853695957599423,0.6947748067681959,0
-0.5466361648793773,0.43725153315450616,0
0.2533860055559764,-0.6525301005994947,0
0.1301847630828161,0.6877877052267444,0
-0.2640942767573593,-0.6482701697471566,0
0.0005059105377000605,0.6999998171817817,0
0.24805086779060503,0.6545767846389969,0
0.06257023924524893,0.6971979382935611,0
0.0605961906626969,-0.6973722834162325,0
-0.4072691417367222,-0.5693257821221814,0
-0.2154053621561311,0.6660334300576706,0
0.08931132407284596,0.694279113463998,0
0.637407032701916,0.2893307357716053,0
0.6647622083406236,-0.21929707330946596,0
-0.6399930892349657,0.2835645353909498,0
0.5712773334882095,-0.4045271415400961,0
-0.1419582638024962,-0.6854544852418583,0
-0.6207248417088085,0.3235748304265562,0
-0.11603458356508894,-0.6903158519235063,0
0.2586682991578039,0.6504542343707271,0
0.04386216002948113,0.6986244419697525,0
0.31676564205617597,0.624227144565773,0
-0.31189591369799446,0.6266745080330722,0
-0.3001819448408277,0.6323691959540552,0
0.6548440199973542,0.24734451575425057,0
-0.5344709059604387,-0.452040762190566,0
0.5411276737482856,-0.4440504934168736,0
0.6598609052256234,-0.23363130302855578,0
-0.5116358340700828,0.47773295186265996,0
0.10640845052117309,0.6918650458418051,0
-0.5798335785260984,0.39216453334489443,0
0.13994112104788609,0.685869143962506,0
-0.4954118830739676,0.49453722418955015,0
-0.25195730415114875,-0.6530830857439852,0
-0.42029800961513947,0.5597763688416582,0
0.6641282526979843,0.22120954764277767,0
0.16289258860526112,-0.6807833756618011,0
-0.04264633076108872,0.698699714092267,0
-0.1660922646998302,0.6800098231694021,0
-0.2708263386710278,-0.6454867111583674,0
-0.2755809120416769,0.6434711811093621,0
0.02761902285248614,0.6994549231913904,0
0.11280790425006998,-0.6908504735025568,0
0.4477137353848871,0.5381007444221865,0
0.16360740844815502,0.6806119422261694,0
0.11002053020869011,0.6912998502333113,0
0.3099070616988279,0.6276604281848576,0
-0.19758475911041884,-0.671535749582461,0
0.21700913667986554,0.6655126103970227,0
0.3751740895026218,-0.5909690368926943,0
0.20473506156217697,0.6693904350729337,0
0.14968259522096913,-0.6838092721570215,0
0.1944015541490535,-0.6724641520143899,0
0.2578496839168541,-0.6507791795255733,0
0.5257122622397783,-0.46219759554841316,0
-0.2320797691650765,0.6604081925175405,0
0.3852760665449471,-0.5844333602282243,0
0.2114458442835928,-0.6673010227290218,0
-0.6890913993377247,0.12309769843005341,0
0.21006875484051793,0.6677358147050032,0
0.3070638154316132,-0.6290562878253265,0
0.6651174307882154,0.21821733034221513,0
0.6900764832261927,-0.11744976499836018,0
0.5279585065826455,0.45963008531537897,0
-0.1764031692076223,-0.6774082387257383,0
-0.17994144704548662,0.6764769586875641,0
-0.14993436193110066,0.6837541130496501,0
-0.510768737618268,-0.47865989666133596,0
0.26001417610657745,0.6499174010777198,0
0.45733707470379936,0.5299460350841125,0
0.12215302987369855,-0.6892594847317484,0
-0.3339946573560553,-0.6151809236782388,0
-0.08757028904916153,0.6945008599532806,0
-0.19729289967226904,0.6716215539564733,0
-0.2750940462141293,-0.6436794743795536,0
0.34709520570099484,-0.6078856127425488,0
-0.6376151024479048,0.288871911286556,0
0.5465733950993545,0.4373299941343662,0
-0.5279234402593485,0.45967036148171886,0
-0.45452739182851176,-0.532357821467451,0
-0.5274699068303271,-0.46019071849441506,0
0.6326180780638813,0.29965708285765746,0
0.045031629887253975,-0.6985500356522053,0
-0.10210370303694047,-0.6925134177950231,0
-0.46246712630935727,0.5254751726610544,0
0.4274086177678433,-0.554366190760026,0
-0.27601976822925955,-0.6432830539868634,0
-0.6460990246479573,-0.2693623031327104,0
0.5624026910455792,-0.4167771744046101,0
-0.6054925374622281,-0.3512531666441631,0
0.22141496146266443,-0.6640597976391033,0
0.31409378915790936,-0.6255758080460166,0
0.5943323976251687,-0.36982293213525624,0
-0.4261383382399309,0.5553432422224206,0
-0.05064977714868872,0.6981651667584026,0
0.23232939575055422,0.6603204160634307,0
0.1118590899865624,0.6910047351410684,0
0.2335502999051902,-0.6598895797133,0
0.2815021766201152,-0.6409028979167886,0
0.03236510459021386,0.6992513854150483,0
-0.637882360631665,-0.2882812758313907,0
-0.05258793276727116,0.6980218544768243,0
0.3409642840179944,-0.6113455299780121,0
-0.6239391809280246,0.3173324731301002,0
0.09190701163574755,-0.6939402720783587,0
0.043398159336358176,0.6986534189182902,0
0.40402251117382676,0.571634332825448,0
-0.03395260057492892,-0.6991761015039053,0
-0.6009463908319983,-0.35897553586002917,0
0.1599794847483082,-0.6814738178827311,0
0.14123961726871806,0.6856029248142003,0
0.24907792834664128,-0.6541866596091251,0
-0.17459684361819627,0.6778760522385807,0
-0.20119487473766065,0.6704629910586393,0
0.15685813365119453,0.6821990368708123,0
0.03822867532099863,0.6989553407644881,0
0.08461015924122443,0.6948677003237196,0
0.35329831750194474,-0.6043014966474062,0
-0.2203828730585417,0.6644030322495997,0
-0.08844644549372808,0.6943898229953582,0
0.26792761159186973,-0.6466952875556433,0
0.6418091444194852,0.27942981612477985,0
-0.31926376063580103,0.622953169303027,0
0.671906346784891,-0.1963208118111315,0
0.155868162478456,0.6824259050809762,0
0.5199546313649867,0.46866531909466136,0
-0.5576233062961901,0.4231503849405142,0
-0.36660410266474125,0.5963232612512946,0
-0.08639403574485206,-0.6946481631644305,0
0.283634388811673,-0.6399621344137704,0
-0.029783691546289858,-0.6993660927710718,0
0.3623216880545067,0.5989348832430222,0
0.6129241946728714,-0.33811822131410185,0
-0.5538576695616964,0.4280673800556248,0
-0.29473294446899934,0.6349271544394945,0
0.4579035696865122,0.5294566279388232,0
-0.0037811427363885204,-0.6999897877537978,0
-0.4366742602411343,-0.5470974231732938,0
0.5838309293236745,0.3861883555534196,0
0.3887586086634672,-0.5821226195485322,0
-0.4095972618496997,0.5676531362418678,0
-0.4295146286048275,-0.552736088757064,0
-0.43268858844073244,0.5502550185442805,0
0.24625084123638194,-0.6552560745161956,0
